{"type": "FeatureCollection", "features": [{"type": "Feature", "properties": {}, "geometry": {"type": "LineString", "coordinates": [[105.253398, -5.55262], [105.253365, -5.552612], [105.253341, -5.552609], [105.253311, -5.552606], [105.25329, -5.552603], [105.253261, -5.552599], [105.253239, -5.552591], [105.253184, -5.552563], [105.25315, -5.55253], [105.253116, -5.552467], [105.253087, -5.552416], [105.253065, -5.552384], [105.253042, -5.552355], [105.253004, -5.552327], [105.25292, -5.552263], [105.252865, -5.552234], [105.252839, -5.552214], [105.252802, -5.552188], [105.25277, -5.552156], [105.252753, -5.552135], [105.252739, -5.55211], [105.252731, -5.552077], [105.252726, -5.552064]]}}, {"type": "Feature", "properties": {}, "geometry": {"type": "LineString", "coordinates": [[105.253398, -5.55262], [105.253365, -5.552612], [105.253341, -5.552609], [105.253311, -5.552606], [105.25329, -5.552603], [105.253261, -5.552599], [105.253239, -5.552591], [105.253184, -5.552563], [105.25315, -5.55253], [105.253116, -5.552467], [105.253087, -5.552416], [105.253065, -5.552384], [105.253042, -5.552355], [105.253004, -5.552327], [105.25292, -5.552263], [105.252865, -5.552234], [105.252839, -5.552214], [105.252802, -5.552188], [105.25277, -5.552156], [105.252753, -5.552135], [105.252739, -5.55211], [105.252731, -5.552077], [105.252726, -5.552064]]}}, {"type": "Feature", "properties": {}, "geometry": {"type": "LineString", "coordinates": [[105.224779, -5.544137], [105.22476, -5.544089], [105.224747, -5.544041], [105.224742, -5.543988], [105.224742, -5.543901], [105.224743, -5.543836], [105.224716, -5.543795], [105.224683, -5.543758], [105.224645, -5.543727], [105.224603, -5.543701], [105.224558, -5.543681], [105.22451, -5.543668], [105.224461, -5.543663], [105.224412, -5.543664], [105.224364, -5.543672], [105.224317, -5.543688], [105.224272, -5.54371], [105.224232, -5.543738], [105.224196, -5.543771], [105.224178, -5.543782], [105.224158, -5.54379], [105.224138, -5.543795], [105.224117, -5.543796], [105.224096, -5.543794], [105.224076, -5.543788], [105.224057, -5.54378], [105.224039, -5.543768], [105.223893, -5.543672]]}}, {"type": "Feature", "properties": {}, "geometry": {"type": "LineString", "coordinates": [[105.23623, -5.553741], [105.236262, -5.553726], [105.236339, -5.553701], [105.236604, -5.553627], [105.236824, -5.55358], [105.236975, -5.553531], [105.237238, -5.553468], [105.237403, -5.553428], [105.237548, -5.553395], [105.237556, -5.553389], [105.237562, -5.553382], [105.237567, -5.553374], [105.23757, -5.553365], [105.237572, -5.553355], [105.237572, -5.553346], [105.237571, -5.553336], [105.237568, -5.553327], [105.237564, -5.553319], [105.237558, -5.553311], [105.237458, -5.553172], [105.237327, -5.55298], [105.237249, -5.552861], [105.237216, -5.552813], [105.237096, -5.552606], [105.236747, -5.552015], [105.236689, -5.551921], [105.236637, -5.551821], [105.236621, -5.551783], [105.23661, -5.551743], [105.236606, -5.551702], [105.236608, -5.551661], [105.236616, -5.55162]]}}, {"type": "Feature", "properties": {}, "geometry": {"type": "LineString", "coordinates": [[105.236616, -5.55162], [105.236621, -5.551439]]}}, {"type": "Feature", "properties": {}, "geometry": {"type": "LineString", "coordinates": [[105.230467, -5.54664], [105.230509, -5.546591], [105.230667, -5.546473], [105.230835, -5.546376], [105.230993, -5.54629], [105.231069, -5.546257], [105.231165, -5.546236], [105.23124, -5.546232], [105.231374, -5.546225], [105.231423, -5.546228], [105.231467, -5.546226], [105.231534, -5.546215], [105.231582, -5.546217], [105.231611, -5.54622], [105.231655, -5.546206], [105.231837, -5.546155], [105.231921, -5.546134], [105.231997, -5.546139], [105.232099, -5.546148], [105.232164, -5.546166], [105.232221, -5.546191], [105.232304, -5.546232], [105.232369, -5.546265], [105.232421, -5.546285], [105.232481, -5.546298], [105.232563, -5.546307], [105.232624, -5.546309], [105.232668, -5.546312], [105.232733, -5.546328], [105.232788, -5.546342], [105.232855, -5.546365], [105.232935, -5.546388], [105.233048, -5.54643], [105.233106, -5.546453], [105.233193, -5.546503], [105.233293, -5.54656], [105.233339, -5.546585], [105.233371, -5.546596], [105.233401, -5.546603], [105.23343, -5.546613], [105.233438, -5.546615], [105.233447, -5.546616], [105.233455, -5.546615], [105.233463, -5.546613], [105.233471, -5.54661], [105.233478, -5.546605], [105.233484, -5.546599], [105.233489, -5.546592], [105.233492, -5.546585], [105.233516, -5.546548], [105.233552, -5.546514], [105.233603, -5.546457], [105.233633, -5.546417], [105.233779, -5.546285], [105.233859, -5.546216], [105.233918, -5.546171], [105.234003, -5.546083], [105.234064, -5.546005], [105.234108, -5.545975], [105.234182, -5.545926], [105.234271, -5.545898], [105.234352, -5.545862], [105.234457, -5.545812], [105.234609, -5.545725], [105.234763, -5.545644], [105.234821, -5.54559], [105.23491, -5.545485], [105.234964, -5.545433], [105.234998, -5.545409], [105.23505, -5.545385], [105.23512, -5.545368], [105.235189, -5.545346], [105.235279, -5.545313], [105.235383, -5.545267], [105.235474, -5.545208], [105.235528, -5.54517], [105.235567, -5.545141], [105.235608, -5.545099], [105.235702, -5.545004], [105.235741, -5.544962], [105.235778, -5.544923], [105.235803, -5.544898], [105.235865, -5.544845], [105.235923, -5.544786], [105.235994, -5.544728], [105.23604, -5.54468], [105.236088, -5.54463], [105.236123, -5.544597], [105.236173, -5.544556], [105.236225, -5.544507], [105.236234, -5.5445], [105.236281, -5.544506], [105.236308, -5.544507]]}}, {"type": "Feature", "properties": {}, "geometry": {"type": "LineString", "coordinates": [[105.236959, -5.544634], [105.236968, -5.544643], [105.237013, -5.544688], [105.237052, -5.544732], [105.237084, -5.544769], [105.237121, -5.544798], [105.23716, -5.544808], [105.237366, -5.544839], [105.237459, -5.54488], [105.237577, -5.544957], [105.237648, -5.545014], [105.237704, -5.545119], [105.237723, -5.545222], [105.237777, -5.545379], [105.237832, -5.545506], [105.23794, -5.545649], [105.238124, -5.545788], [105.238276, -5.545888], [105.238411, -5.545927], [105.238482, -5.545927], [105.238541, -5.545946], [105.238587, -5.545985], [105.238634, -5.54604], [105.238701, -5.546069], [105.23878, -5.546076], [105.238875, -5.546062], [105.238928, -5.546061], [105.23899, -5.54606], [105.239044, -5.546081], [105.239094, -5.546093], [105.239139, -5.546111], [105.239189, -5.546123], [105.239242, -5.546122], [105.239306, -5.546114], [105.23937, -5.546112], [105.239436, -5.546118], [105.239484, -5.546124], [105.239534, -5.546122], [105.239576, -5.546109], [105.239627, -5.546086], [105.239671, -5.546058], [105.239751, -5.545994], [105.239815, -5.545938], [105.239895, -5.545868], [105.239933, -5.545822], [105.239968, -5.545747], [105.239993, -5.545691], [105.240021, -5.545644], [105.240063, -5.545598], [105.240113, -5.545564], [105.240162, -5.545528], [105.240202, -5.545514], [105.240266, -5.545506], [105.240348, -5.545501], [105.24042, -5.545502], [105.240485, -5.545502], [105.240543, -5.545517], [105.240613, -5.545546], [105.240666, -5.545593], [105.240722, -5.545661], [105.240759, -5.545706], [105.240789, -5.545726], [105.240814, -5.545752], [105.240869, -5.54581], [105.240905, -5.545848], [105.24095, -5.545871], [105.241, -5.545888], [105.241067, -5.54591], [105.241126, -5.545938], [105.241176, -5.545953], [105.24121, -5.545974], [105.24127, -5.546041], [105.241304, -5.546092], [105.241343, -5.546152], [105.241446, -5.546298], [105.241492, -5.546356], [105.241505, -5.546374], [105.24152, -5.546389], [105.241538, -5.546401], [105.241558, -5.54641], [105.241579, -5.546416], [105.2416, -5.546418], [105.241622, -5.546416], [105.241643, -5.546411], [105.241663, -5.546402], [105.241681, -5.54639], [105.241696, -5.546375], [105.241709, -5.546357], [105.241773, -5.546264], [105.241814, -5.546202], [105.241849, -5.546153], [105.241871, -5.546134], [105.241896, -5.546118], [105.241922, -5.546106], [105.241951, -5.546098], [105.24198, -5.546095], [105.242229, -5.546036], [105.242347, -5.546001], [105.242413, -5.545979], [105.242477, -5.545957], [105.242564, -5.545925], [105.242606, -5.5459], [105.242689, -5.545839], [105.242734, -5.545803], [105.242771, -5.54578], [105.242798, -5.545766]]}}, {"type": "Feature", "properties": {}, "geometry": {"type": "LineString", "coordinates": [[105.237548, -5.553395], [105.23786, -5.553326], [105.238, -5.553298], [105.238129, -5.553289], [105.238842, -5.553269], [105.239047, -5.553273], [105.239187, -5.553276], [105.239267, -5.553298], [105.239356, -5.553333], [105.239368, -5.553354], [105.239381, -5.553371], [105.239523, -5.553426], [105.239687, -5.553495], [105.239942, -5.553714], [105.239959, -5.553739], [105.240172, -5.554004]]}}, {"type": "Feature", "properties": {}, "geometry": {"type": "LineString", "coordinates": [[105.224478, -5.544168], [105.224511, -5.544171], [105.224569, -5.544166], [105.224714, -5.544148], [105.224779, -5.544137], [105.224838, -5.544128], [105.224884, -5.544121], [105.224952, -5.544138], [105.225017, -5.544162], [105.225081, -5.544191], [105.225141, -5.544226], [105.225252, -5.544297], [105.225337, -5.544346], [105.225408, -5.54438], [105.225512, -5.544422], [105.225584, -5.544444], [105.225698, -5.544476], [105.225781, -5.544501], [105.225885, -5.544543], [105.226018, -5.5446], [105.226156, -5.544664], [105.226324, -5.544733], [105.226437, -5.544777], [105.226532, -5.544816], [105.226745, -5.544907], [105.227001, -5.544997], [105.227122, -5.545034], [105.22719, -5.54505], [105.227256, -5.545071], [105.227321, -5.545097], [105.227391, -5.545129], [105.227457, -5.545166], [105.22752, -5.54521], [105.227602, -5.545277], [105.227681, -5.545347], [105.22784, -5.545513], [105.227949, -5.545629], [105.228018, -5.545697], [105.228091, -5.545762], [105.228167, -5.545823], [105.228247, -5.545876], [105.228324, -5.545935], [105.228422, -5.546025], [105.228516, -5.546118], [105.228664, -5.54631], [105.228723, -5.546382], [105.228777, -5.546435], [105.22888, -5.546553], [105.229023, -5.546717], [105.229106, -5.546827], [105.229225, -5.546951], [105.229321, -5.547052], [105.229367, -5.547098], [105.229417, -5.54714], [105.229471, -5.547177], [105.229566, -5.547228], [105.229663, -5.547274], [105.229849, -5.547353], [105.230042, -5.547448], [105.230343, -5.547601], [105.230419, -5.547648], [105.230481, -5.54771], [105.230539, -5.547775], [105.230593, -5.547844], [105.230643, -5.547916], [105.230789, -5.54815], [105.230819, -5.548187], [105.230852, -5.548222], [105.230887, -5.548255], [105.230921, -5.548284], [105.230952, -5.548317], [105.23098, -5.548352], [105.231004, -5.548389], [105.231024, -5.548429], [105.231039, -5.548471], [105.231062, -5.548568], [105.231075, -5.548632], [105.231083, -5.548704], [105.231087, -5.548796], [105.231089, -5.548858], [105.231098, -5.548919], [105.231113, -5.54898], [105.23115, -5.54912], [105.231178, -5.549225], [105.231197, -5.549277], [105.231221, -5.549328], [105.231248, -5.549376], [105.231317, -5.549484], [105.231351, -5.549532], [105.231388, -5.549577], [105.231428, -5.54962], [105.231487, -5.549669], [105.231561, -5.54972], [105.231806, -5.549919], [105.23192, -5.550009], [105.231975, -5.550045], [105.232031, -5.550079], [105.232112, -5.550116], [105.232194, -5.550149], [105.232275, -5.550181], [105.232354, -5.550218], [105.232501, -5.550291], [105.23266, -5.550373], [105.232761, -5.550432], [105.232859, -5.550496], [105.233013, -5.550597], [105.233151, -5.550685], [105.233196, -5.550714], [105.233238, -5.550748], [105.233276, -5.550786], [105.23331, -5.550828], [105.233341, -5.550864], [105.233375, -5.550896], [105.233413, -5.550926], [105.233452, -5.550951], [105.2335, -5.550979], [105.233571, -5.551009], [105.23372, -5.551068], [105.233901, -5.55113], [105.234066, -5.551185], [105.234117, -5.551199], [105.234177, -5.551211], [105.234237, -5.551217], [105.234297, -5.551218], [105.23434, -5.551215], [105.234382, -5.551217], [105.234424, -5.551224], [105.234464, -5.551236], [105.234503, -5.551254], [105.234539, -5.551276], [105.234572, -5.551303], [105.234695, -5.551431], [105.234778, -5.551527], [105.234874, -5.551663], [105.234925, -5.55174], [105.235016, -5.551873], [105.235078, -5.551953], [105.235127, -5.55201], [105.235207, -5.552099], [105.235271, -5.552177], [105.235312, -5.552233], [105.235368, -5.55231], [105.235436, -5.552405], [105.235496, -5.552489], [105.235554, -5.552563], [105.235605, -5.552629], [105.235679, -5.552738], [105.235731, -5.55281], [105.235816, -5.552934], [105.235869, -5.553029], [105.235948, -5.55318], [105.236, -5.553292], [105.236144, -5.553577], [105.23623, -5.553741], [105.236245, -5.55377], [105.236363, -5.553993], [105.236459, -5.554178], [105.236532, -5.55432]]}}, {"type": "Feature", "properties": {}, "geometry": {"type": "LineString", "coordinates": [[105.234619, -5.551352], [105.234582, -5.55137], [105.234541, -5.55138], [105.234477, -5.551396], [105.234391, -5.551415], [105.234246, -5.551445], [105.234142, -5.55147], [105.234049, -5.551492], [105.233957, -5.551509], [105.233878, -5.551529], [105.233791, -5.55155], [105.233706, -5.551577], [105.233623, -5.551611], [105.233459, -5.551688], [105.233367, -5.551732], [105.233258, -5.551786], [105.233121, -5.551843], [105.233051, -5.551872], [105.232977, -5.551907], [105.2329, -5.551941], [105.23273, -5.552009], [105.232567, -5.552092], [105.232436, -5.552175], [105.232262, -5.552293], [105.232176, -5.552352], [105.231981, -5.552464], [105.231941, -5.552487]]}}, {"type": "Feature", "properties": {}, "geometry": {"type": "LineString", "coordinates": [[105.245256, -5.549341], [105.24583, -5.548933], [105.245911, -5.548861], [105.246287, -5.548616], [105.245988, -5.548059]]}}, {"type": "Feature", "properties": {}, "geometry": {"type": "LineString", "coordinates": [[105.227001, -5.544997], [105.226986, -5.545047], [105.226946, -5.545228], [105.226945, -5.545253], [105.226946, -5.545279], [105.226952, -5.545304], [105.22696, -5.545328], [105.226996, -5.54545], [105.227058, -5.54561], [105.227088, -5.545662], [105.227099, -5.545713], [105.227105, -5.545765], [105.227106, -5.545818], [105.227102, -5.54587], [105.227092, -5.545922], [105.227063, -5.546009], [105.227027, -5.546137], [105.227012, -5.546207], [105.226961, -5.54635], [105.226936, -5.546416], [105.226914, -5.546458], [105.226847, -5.546633], [105.226765, -5.546763]]}}, {"type": "Feature", "properties": {}, "geometry": {"type": "LineString", "coordinates": [[105.24006, -5.554131], [105.240101, -5.554172], [105.240136, -5.554222], [105.240235, -5.554382], [105.240308, -5.554492], [105.24035, -5.554558], [105.240393, -5.55462], [105.240519, -5.55479], [105.24063, -5.554932], [105.240731, -5.555067], [105.240792, -5.555155], [105.240858, -5.555252], [105.240907, -5.555335], [105.240957, -5.555422], [105.241019, -5.555522], [105.241046, -5.555568], [105.241093, -5.555647], [105.241158, -5.555761], [105.241234, -5.555892], [105.241349, -5.556079], [105.241419, -5.556182], [105.24149, -5.556285], [105.241676, -5.556565], [105.24178, -5.556734], [105.241847, -5.556844], [105.241915, -5.556961], [105.241994, -5.557095], [105.242056, -5.557209], [105.242101, -5.557306], [105.242125, -5.557368], [105.242143, -5.557433], [105.242154, -5.557499], [105.242161, -5.557541], [105.242175, -5.557651], [105.242183, -5.557709], [105.242202, -5.557858], [105.242208, -5.557914], [105.242214, -5.557964], [105.242223, -5.558016], [105.24223, -5.558079], [105.242239, -5.558149], [105.242243, -5.558219], [105.242243, -5.558289], [105.242231, -5.558495], [105.242222, -5.558833], [105.242221, -5.558841], [105.24222, -5.55885], [105.242217, -5.558857], [105.242212, -5.558865], [105.242207, -5.558871], [105.242201, -5.558877], [105.242194, -5.558881], [105.242186, -5.558884], [105.242178, -5.558886], [105.242169, -5.558886], [105.242067, -5.558911], [105.242056, -5.558917], [105.242046, -5.558924], [105.242038, -5.558933], [105.242031, -5.558943], [105.242026, -5.558955], [105.242022, -5.558966], [105.242021, -5.558979], [105.242022, -5.558991], [105.242024, -5.559003], [105.242029, -5.559014], [105.242088, -5.559189], [105.242131, -5.559311], [105.242148, -5.559387], [105.242187, -5.559512], [105.242217, -5.559571], [105.242279, -5.559655], [105.242344, -5.559737], [105.242413, -5.559816], [105.242565, -5.559995], [105.242673, -5.560141], [105.24279, -5.560289], [105.242864, -5.560384], [105.242933, -5.560483], [105.242996, -5.560586], [105.243052, -5.560693], [105.243108, -5.56085], [105.243144, -5.56095], [105.243198, -5.561088], [105.243226, -5.561141], [105.243259, -5.561191], [105.243277, -5.561215]]}}, {"type": "Feature", "properties": {}, "geometry": {"type": "LineString", "coordinates": [[105.243356, -5.561316], [105.243374, -5.561343]]}}, {"type": "Feature", "properties": {}, "geometry": {"type": "LineString", "coordinates": [[105.243549, -5.561604], [105.243615, -5.5617]]}}, {"type": "Feature", "properties": {}, "geometry": {"type": "LineString", "coordinates": [[105.243637, -5.56173], [105.243691, -5.561804], [105.24376, -5.561885]]}}, {"type": "Feature", "properties": {}, "geometry": {"type": "LineString", "coordinates": [[105.244573, -5.553431], [105.244721, -5.553482], [105.244823, -5.5535], [105.24491, -5.553494], [105.245017, -5.553458], [105.245398, -5.55334]]}}, {"type": "Feature", "properties": {}, "geometry": {"type": "LineString", "coordinates": [[105.230156, -5.54983], [105.230177, -5.549815], [105.230338, -5.54974], [105.230606, -5.54961], [105.230823, -5.549495]]}}, {"type": "Feature", "properties": {}, "geometry": {"type": "LineString", "coordinates": [[105.241435, -5.542604], [105.241492, -5.542876], [105.241552, -5.543145], [105.241584, -5.543285], [105.241635, -5.54347], [105.241681, -5.543562], [105.241732, -5.543651], [105.241851, -5.543763], [105.241934, -5.543836], [105.242067, -5.543943], [105.242177, -5.544025], [105.242318, -5.544135], [105.242386, -5.544197], [105.242451, -5.544271], [105.242522, -5.544373], [105.242605, -5.544518], [105.242622, -5.54456], [105.242681, -5.544741], [105.242709, -5.544867], [105.242724, -5.544958], [105.242762, -5.545325], [105.242786, -5.545635], [105.242797, -5.545752], [105.242798, -5.545766], [105.242808, -5.545842], [105.242832, -5.545942], [105.242865, -5.546048], [105.242887, -5.546109], [105.242937, -5.54623], [105.242984, -5.546325], [105.243046, -5.546431], [105.243081, -5.546482], [105.243146, -5.546557], [105.243225, -5.546634], [105.2433, -5.546699], [105.243373, -5.546753], [105.24343, -5.546792], [105.243552, -5.546872], [105.243648, -5.546938], [105.243715, -5.54699], [105.243814, -5.547088], [105.243899, -5.547182], [105.244017, -5.547335], [105.244093, -5.547438], [105.244188, -5.547599], [105.244217, -5.547653], [105.244244, -5.547706], [105.244269, -5.547759], [105.244293, -5.547823], [105.244313, -5.547888], [105.244327, -5.547955], [105.244337, -5.548023], [105.244342, -5.548129], [105.244351, -5.548234], [105.244364, -5.548339], [105.244434, -5.548547], [105.244536, -5.548854], [105.244567, -5.548946], [105.244591, -5.549039], [105.244609, -5.549133], [105.24462, -5.549228], [105.244624, -5.549324], [105.244621, -5.54942], [105.244619, -5.549444], [105.244612, -5.549516], [105.244506, -5.549815], [105.244448, -5.549947], [105.244415, -5.550035], [105.24439, -5.550106], [105.244369, -5.550179], [105.244352, -5.550253], [105.24434, -5.550328], [105.244326, -5.550408], [105.244307, -5.550486], [105.244283, -5.550562], [105.244254, -5.550637], [105.24422, -5.55071], [105.244172, -5.550782], [105.244121, -5.550852], [105.244065, -5.550919], [105.244006, -5.550982], [105.24372, -5.551256], [105.243473, -5.551512], [105.243288, -5.551702], [105.243129, -5.551847], [105.243004, -5.551941], [105.242861, -5.552044], [105.242718, -5.552146], [105.242538, -5.552258], [105.242353, -5.552371], [105.242162, -5.552483], [105.242068, -5.552532], [105.241977, -5.552587], [105.241889, -5.552646], [105.241804, -5.55271], [105.241723, -5.552778], [105.241641, -5.552852], [105.241556, -5.552921], [105.241467, -5.552986], [105.241374, -5.553046], [105.241278, -5.5531], [105.241162, -5.553155], [105.241043, -5.553205], [105.24096, -5.553238], [105.240879, -5.553278], [105.240802, -5.553323], [105.240728, -5.553375], [105.240659, -5.553431], [105.240593, -5.553493], [105.240459, -5.553651], [105.240283, -5.553864], [105.240211, -5.553957], [105.24014, -5.554043], [105.24006, -5.554131], [105.240051, -5.554141], [105.24002, -5.554172], [105.239992, -5.554206], [105.239968, -5.554242], [105.239933, -5.554294], [105.239912, -5.55432]]}}, {"type": "Feature", "properties": {}, "geometry": {"type": "LineString", "coordinates": [[105.253654, -5.552672], [105.253611, -5.552669], [105.253535, -5.552653], [105.253458, -5.552634], [105.253398, -5.55262], [105.253335, -5.552615], [105.253272, -5.55261], [105.253215, -5.552633], [105.253175, -5.552663], [105.253144, -5.552693], [105.253109, -5.55273]]}}, {"type": "Feature", "properties": {}, "geometry": {"type": "LineString", "coordinates": [[105.244619, -5.549444], [105.244796, -5.54945], [105.244854, -5.549451], [105.24492, -5.549444], [105.244967, -5.549438], [105.245256, -5.549341]]}}, {"type": "Feature", "properties": {}, "geometry": {"type": "LineString", "coordinates": [[105.230419, -5.547648], [105.230343, -5.547494], [105.230278, -5.547326], [105.230227, -5.547187], [105.230212, -5.54713], [105.230213, -5.547088], [105.230218, -5.547048], [105.230229, -5.547008], [105.230246, -5.54697], [105.230267, -5.546935], [105.230352, -5.546803], [105.230467, -5.54664]]}}, {"type": "Feature", "properties": {}, "geometry": {"type": "LineString", "coordinates": [[105.236929, -5.553546], [105.236808, -5.553305], [105.2366, -5.552937], [105.236388, -5.552596]]}}, {"type": "Feature", "properties": {}, "geometry": {"type": "LineString", "coordinates": [[105.230419, -5.547648], [105.230343, -5.547494], [105.230278, -5.547326], [105.230227, -5.547187], [105.230212, -5.54713], [105.230213, -5.547088], [105.230218, -5.547048], [105.230229, -5.547008], [105.230246, -5.54697], [105.230267, -5.546935], [105.230352, -5.546803], [105.230467, -5.54664]]}}, {"type": "Feature", "properties": {}, "geometry": {"type": "LineString", "coordinates": [[105.23623, -5.553741], [105.236262, -5.553726], [105.236339, -5.553701], [105.236604, -5.553627], [105.236824, -5.55358], [105.236929, -5.553546], [105.236975, -5.553531], [105.237238, -5.553468], [105.237403, -5.553428], [105.237548, -5.553395], [105.237556, -5.553389], [105.237562, -5.553382], [105.237567, -5.553374], [105.23757, -5.553365], [105.237572, -5.553355], [105.237572, -5.553346], [105.237571, -5.553336], [105.237568, -5.553327], [105.237564, -5.553319], [105.237558, -5.553311], [105.237458, -5.553172], [105.237327, -5.55298], [105.237249, -5.552861], [105.237216, -5.552813], [105.237096, -5.552606], [105.236747, -5.552015], [105.236689, -5.551921], [105.236637, -5.551821], [105.236621, -5.551783], [105.23661, -5.551743], [105.236606, -5.551702], [105.236608, -5.551661], [105.236616, -5.55162]]}}, {"type": "Feature", "properties": {}, "geometry": {"type": "LineString", "coordinates": [[105.230467, -5.54664], [105.230509, -5.546591], [105.230667, -5.546473], [105.230835, -5.546376], [105.230993, -5.54629], [105.231069, -5.546257], [105.231165, -5.546236], [105.23124, -5.546232], [105.231374, -5.546225], [105.231423, -5.546228], [105.231467, -5.546226], [105.231534, -5.546215], [105.231582, -5.546217], [105.231611, -5.54622], [105.231655, -5.546206], [105.231837, -5.546155], [105.231921, -5.546134], [105.231997, -5.546139], [105.232099, -5.546148], [105.232164, -5.546166], [105.232221, -5.546191], [105.232304, -5.546232], [105.232369, -5.546265], [105.232421, -5.546285], [105.232481, -5.546298], [105.232563, -5.546307], [105.232624, -5.546309], [105.232668, -5.546312], [105.232733, -5.546328], [105.232788, -5.546342], [105.232855, -5.546365], [105.232935, -5.546388], [105.233048, -5.54643], [105.233106, -5.546453], [105.233193, -5.546503], [105.233293, -5.54656], [105.233339, -5.546585], [105.233371, -5.546596], [105.233401, -5.546603], [105.23343, -5.546613], [105.233438, -5.546615], [105.233447, -5.546616], [105.233455, -5.546615], [105.233463, -5.546613], [105.233471, -5.54661], [105.233478, -5.546605], [105.233484, -5.546599], [105.233489, -5.546592], [105.233492, -5.546585], [105.233516, -5.546548], [105.233552, -5.546514], [105.233603, -5.546457], [105.233633, -5.546417], [105.233779, -5.546285], [105.233859, -5.546216], [105.233918, -5.546171], [105.234003, -5.546083], [105.234064, -5.546005], [105.234108, -5.545975], [105.234182, -5.545926], [105.234271, -5.545898], [105.234352, -5.545862], [105.234457, -5.545812], [105.234609, -5.545725], [105.234763, -5.545644], [105.234821, -5.54559], [105.23491, -5.545485], [105.234964, -5.545433], [105.234998, -5.545409], [105.23505, -5.545385], [105.23512, -5.545368], [105.235189, -5.545346], [105.235279, -5.545313], [105.235383, -5.545267], [105.235474, -5.545208], [105.235528, -5.54517], [105.235567, -5.545141], [105.235608, -5.545099], [105.235702, -5.545004], [105.235741, -5.544962], [105.235778, -5.544923], [105.235803, -5.544898], [105.235865, -5.544845], [105.235923, -5.544786], [105.235994, -5.544728], [105.23604, -5.54468], [105.236088, -5.54463], [105.236123, -5.544597], [105.236173, -5.544556], [105.236225, -5.544507], [105.236234, -5.5445], [105.236281, -5.544506], [105.236308, -5.544507]]}}, {"type": "Feature", "properties": {}, "geometry": {"type": "LineString", "coordinates": [[105.236959, -5.544634], [105.236968, -5.544643], [105.237013, -5.544688], [105.237052, -5.544732], [105.237084, -5.544769], [105.237121, -5.544798], [105.23716, -5.544808], [105.237366, -5.544839], [105.237459, -5.54488], [105.237577, -5.544957], [105.237648, -5.545014], [105.237704, -5.545119], [105.237723, -5.545222], [105.237777, -5.545379], [105.237832, -5.545506], [105.23794, -5.545649], [105.238124, -5.545788], [105.238276, -5.545888], [105.238411, -5.545927], [105.238482, -5.545927], [105.238541, -5.545946], [105.238587, -5.545985], [105.238634, -5.54604], [105.238701, -5.546069], [105.23878, -5.546076], [105.238875, -5.546062], [105.238928, -5.546061], [105.23899, -5.54606], [105.239044, -5.546081], [105.239094, -5.546093], [105.239139, -5.546111], [105.239189, -5.546123], [105.239242, -5.546122], [105.239306, -5.546114], [105.23937, -5.546112], [105.239436, -5.546118], [105.239484, -5.546124], [105.239534, -5.546122], [105.239576, -5.546109], [105.239627, -5.546086], [105.239671, -5.546058], [105.239751, -5.545994], [105.239815, -5.545938], [105.239895, -5.545868], [105.239933, -5.545822], [105.239968, -5.545747], [105.239993, -5.545691], [105.240021, -5.545644], [105.240063, -5.545598], [105.240113, -5.545564], [105.240162, -5.545528], [105.240202, -5.545514], [105.240266, -5.545506], [105.240348, -5.545501], [105.24042, -5.545502], [105.240485, -5.545502], [105.240543, -5.545517], [105.240613, -5.545546], [105.240666, -5.545593], [105.240722, -5.545661], [105.240759, -5.545706], [105.240789, -5.545726], [105.240814, -5.545752], [105.240869, -5.54581], [105.240905, -5.545848], [105.24095, -5.545871], [105.241, -5.545888], [105.241067, -5.54591], [105.241126, -5.545938], [105.241176, -5.545953], [105.24121, -5.545974], [105.24127, -5.546041], [105.241304, -5.546092], [105.241343, -5.546152], [105.241446, -5.546298], [105.241492, -5.546356], [105.241505, -5.546374], [105.24152, -5.546389], [105.241538, -5.546401], [105.241558, -5.54641], [105.241579, -5.546416], [105.2416, -5.546418], [105.241622, -5.546416], [105.241643, -5.546411], [105.241663, -5.546402], [105.241681, -5.54639], [105.241696, -5.546375], [105.241709, -5.546357], [105.241773, -5.546264], [105.241814, -5.546202], [105.241849, -5.546153], [105.241871, -5.546134], [105.241896, -5.546118], [105.241922, -5.546106], [105.241951, -5.546098], [105.24198, -5.546095], [105.242229, -5.546036], [105.242347, -5.546001], [105.242413, -5.545979], [105.242477, -5.545957], [105.242564, -5.545925], [105.242606, -5.5459], [105.242689, -5.545839], [105.242734, -5.545803], [105.242771, -5.54578], [105.242798, -5.545766]]}}, {"type": "Feature", "properties": {}, "geometry": {"type": "LineString", "coordinates": [[105.244494, -5.548727], [105.244709, -5.548648], [105.244986, -5.548541], [105.24514, -5.548469], [105.245456, -5.548324], [105.246348, -5.547879], [105.246618, -5.547741], [105.246793, -5.547663], [105.246891, -5.547629], [105.246991, -5.547601], [105.247093, -5.547578], [105.247195, -5.54756], [105.247299, -5.547549], [105.247402, -5.547543], [105.247506, -5.547542], [105.24775, -5.547535], [105.248104, -5.547494], [105.248319, -5.547477], [105.248491, -5.547468], [105.248544, -5.547466], [105.248596, -5.547457], [105.248647, -5.547442], [105.248695, -5.547421], [105.248741, -5.547395], [105.248784, -5.547364], [105.248823, -5.547329], [105.248858, -5.547289]]}}, {"type": "Feature", "properties": {}, "geometry": {"type": "LineString", "coordinates": [[105.247321, -5.563391], [105.247311, -5.563381], [105.247298, -5.563364], [105.247284, -5.563333], [105.247272, -5.563294], [105.247254, -5.563261], [105.247239, -5.563237], [105.247228, -5.563213], [105.247217, -5.563191], [105.247198, -5.563155], [105.247189, -5.563129], [105.247186, -5.563119], [105.247183, -5.56311], [105.247177, -5.563101], [105.247171, -5.563094], [105.247163, -5.563088], [105.247154, -5.563083], [105.247145, -5.56308], [105.247085, -5.562984], [105.247058, -5.562957], [105.24702, -5.562908], [105.246992, -5.562872], [105.246968, -5.562839], [105.246959, -5.562814], [105.246938, -5.562775], [105.246929, -5.562752], [105.246932, -5.562743], [105.246937, -5.562735], [105.246942, -5.562727], [105.246949, -5.56272], [105.247013, -5.562653], [105.247048, -5.562613], [105.247086, -5.562578], [105.247147, -5.562529], [105.247185, -5.562494], [105.24722, -5.562455], [105.24724, -5.562427], [105.247243, -5.56242], [105.247246, -5.562414], [105.247247, -5.562407], [105.247247, -5.5624], [105.247247, -5.562393], [105.247245, -5.562386], [105.247242, -5.56238], [105.247196, -5.562318], [105.247137, -5.562253], [105.247078, -5.562153], [105.247077, -5.562149], [105.247077, -5.562144], [105.247077, -5.56214], [105.247078, -5.562135], [105.24708, -5.562131], [105.247082, -5.562127], [105.247085, -5.562124], [105.247088, -5.562121], [105.247092, -5.562118], [105.247124, -5.562101], [105.247145, -5.562085], [105.24716, -5.56207], [105.24717, -5.562049], [105.247175, -5.562028], [105.247186, -5.562012], [105.247204, -5.561993], [105.247218, -5.561979], [105.247232, -5.561958], [105.247236, -5.561942], [105.247235, -5.561928], [105.247231, -5.561915], [105.247227, -5.561892]]}}, {"type": "Feature", "properties": {}, "geometry": {"type": "LineString", "coordinates": [[105.253654, -5.552672], [105.253611, -5.552669], [105.253535, -5.552653], [105.253458, -5.552634], [105.253398, -5.55262], [105.253335, -5.552615], [105.253272, -5.55261], [105.253215, -5.552633], [105.253175, -5.552663], [105.253144, -5.552693], [105.253109, -5.55273]]}}, {"type": "Feature", "properties": {}, "geometry": {"type": "LineString", "coordinates": [[105.224478, -5.544168], [105.224511, -5.544171], [105.224569, -5.544166], [105.224714, -5.544148], [105.224838, -5.544128], [105.224884, -5.544121], [105.224952, -5.544138], [105.225017, -5.544162], [105.225081, -5.544191], [105.225141, -5.544226], [105.225252, -5.544297], [105.225337, -5.544346], [105.225408, -5.54438], [105.225512, -5.544422], [105.225584, -5.544444], [105.225698, -5.544476], [105.225781, -5.544501], [105.225885, -5.544543], [105.226018, -5.5446], [105.226156, -5.544664], [105.226324, -5.544733], [105.226437, -5.544777], [105.226532, -5.544816], [105.226745, -5.544907], [105.227001, -5.544997], [105.227122, -5.545034], [105.22719, -5.54505], [105.227256, -5.545071], [105.227321, -5.545097], [105.227391, -5.545129], [105.227457, -5.545166], [105.22752, -5.54521], [105.227602, -5.545277], [105.227681, -5.545347], [105.22784, -5.545513], [105.227949, -5.545629], [105.228018, -5.545697], [105.228091, -5.545762], [105.228167, -5.545823], [105.228247, -5.545876], [105.228324, -5.545935], [105.228422, -5.546025], [105.228516, -5.546118], [105.228664, -5.54631], [105.228723, -5.546382], [105.228777, -5.546435], [105.22888, -5.546553], [105.229023, -5.546717], [105.229106, -5.546827], [105.229225, -5.546951], [105.229321, -5.547052], [105.229367, -5.547098], [105.229417, -5.54714], [105.229471, -5.547177], [105.229566, -5.547228], [105.229663, -5.547274], [105.229849, -5.547353], [105.230042, -5.547448], [105.230343, -5.547601], [105.230419, -5.547648], [105.230481, -5.54771], [105.230539, -5.547775], [105.230593, -5.547844], [105.230643, -5.547916], [105.230789, -5.54815], [105.230819, -5.548187], [105.230852, -5.548222], [105.230887, -5.548255], [105.230921, -5.548284], [105.230952, -5.548317], [105.23098, -5.548352], [105.231004, -5.548389], [105.231024, -5.548429], [105.231039, -5.548471], [105.231062, -5.548568], [105.231075, -5.548632], [105.231083, -5.548704], [105.231087, -5.548796], [105.231089, -5.548858], [105.231098, -5.548919], [105.231113, -5.54898], [105.23115, -5.54912], [105.231178, -5.549225], [105.231197, -5.549277], [105.231221, -5.549328], [105.231248, -5.549376], [105.231317, -5.549484], [105.231351, -5.549532], [105.231388, -5.549577], [105.231428, -5.54962], [105.231487, -5.549669], [105.231561, -5.54972], [105.231806, -5.549919], [105.23192, -5.550009], [105.231975, -5.550045], [105.232031, -5.550079], [105.232112, -5.550116], [105.232194, -5.550149], [105.232275, -5.550181], [105.232354, -5.550218], [105.232501, -5.550291], [105.23266, -5.550373], [105.232761, -5.550432], [105.232859, -5.550496], [105.233013, -5.550597], [105.233151, -5.550685], [105.233196, -5.550714], [105.233238, -5.550748], [105.233276, -5.550786], [105.23331, -5.550828], [105.233341, -5.550864], [105.233375, -5.550896], [105.233413, -5.550926], [105.233452, -5.550951], [105.2335, -5.550979], [105.233571, -5.551009], [105.23372, -5.551068], [105.233901, -5.55113], [105.234066, -5.551185], [105.234117, -5.551199], [105.234177, -5.551211], [105.234237, -5.551217], [105.234297, -5.551218], [105.23434, -5.551215], [105.234382, -5.551217], [105.234424, -5.551224], [105.234464, -5.551236], [105.234503, -5.551254], [105.234539, -5.551276], [105.234572, -5.551303], [105.234695, -5.551431], [105.234778, -5.551527], [105.234874, -5.551663], [105.234925, -5.55174], [105.235016, -5.551873], [105.235078, -5.551953], [105.235127, -5.55201], [105.235207, -5.552099], [105.235271, -5.552177], [105.235312, -5.552233], [105.235368, -5.55231], [105.235436, -5.552405], [105.235496, -5.552489], [105.235554, -5.552563], [105.235605, -5.552629], [105.235679, -5.552738], [105.235731, -5.55281], [105.235816, -5.552934], [105.235869, -5.553029], [105.235948, -5.55318], [105.236, -5.553292], [105.236144, -5.553577], [105.236245, -5.55377], [105.236363, -5.553993], [105.236459, -5.554178], [105.236532, -5.55432]]}}, {"type": "Feature", "properties": {}, "geometry": {"type": "LineString", "coordinates": [[105.241435, -5.542604], [105.241492, -5.542876], [105.241552, -5.543145], [105.241584, -5.543285], [105.241635, -5.54347], [105.241681, -5.543562], [105.241732, -5.543651], [105.241851, -5.543763], [105.241934, -5.543836], [105.242067, -5.543943], [105.242177, -5.544025], [105.242318, -5.544135], [105.242386, -5.544197], [105.242451, -5.544271], [105.242522, -5.544373], [105.242605, -5.544518], [105.242622, -5.54456], [105.242681, -5.544741], [105.242709, -5.544867], [105.242724, -5.544958], [105.242762, -5.545325], [105.242786, -5.545635], [105.242797, -5.545752], [105.242808, -5.545842], [105.242832, -5.545942], [105.242865, -5.546048], [105.242887, -5.546109], [105.242937, -5.54623], [105.242984, -5.546325], [105.243046, -5.546431], [105.243081, -5.546482], [105.243146, -5.546557], [105.243225, -5.546634], [105.2433, -5.546699], [105.243373, -5.546753], [105.24343, -5.546792], [105.243552, -5.546872], [105.243648, -5.546938], [105.243715, -5.54699], [105.243814, -5.547088], [105.243899, -5.547182], [105.244017, -5.547335], [105.244093, -5.547438], [105.244188, -5.547599], [105.244217, -5.547653], [105.244244, -5.547706], [105.244269, -5.547759], [105.244293, -5.547823], [105.244313, -5.547888], [105.244327, -5.547955], [105.244337, -5.548023], [105.244342, -5.548129], [105.244351, -5.548234], [105.244364, -5.548339], [105.244434, -5.548547], [105.244494, -5.548727], [105.244536, -5.548854], [105.244567, -5.548946], [105.244591, -5.549039], [105.244609, -5.549133], [105.24462, -5.549228], [105.244624, -5.549324], [105.244621, -5.54942], [105.244612, -5.549516], [105.244506, -5.549815], [105.244448, -5.549947], [105.244415, -5.550035], [105.24439, -5.550106], [105.244369, -5.550179], [105.244352, -5.550253], [105.24434, -5.550328], [105.244326, -5.550408], [105.244307, -5.550486], [105.244283, -5.550562], [105.244254, -5.550637], [105.24422, -5.55071], [105.244172, -5.550782], [105.244121, -5.550852], [105.244065, -5.550919], [105.244006, -5.550982], [105.24372, -5.551256], [105.243473, -5.551512], [105.243288, -5.551702], [105.243129, -5.551847], [105.243004, -5.551941], [105.242861, -5.552044], [105.242718, -5.552146], [105.242538, -5.552258], [105.242353, -5.552371], [105.242162, -5.552483], [105.242068, -5.552532], [105.241977, -5.552587], [105.241889, -5.552646], [105.241804, -5.55271], [105.241723, -5.552778], [105.241641, -5.552852], [105.241556, -5.552921], [105.241467, -5.552986], [105.241374, -5.553046], [105.241278, -5.5531], [105.241162, -5.553155], [105.241043, -5.553205], [105.24096, -5.553238], [105.240879, -5.553278], [105.240802, -5.553323], [105.240728, -5.553375], [105.240659, -5.553431], [105.240593, -5.553493], [105.240459, -5.553651], [105.240283, -5.553864], [105.240211, -5.553957], [105.24014, -5.554043], [105.240051, -5.554141], [105.24002, -5.554172], [105.239992, -5.554206], [105.239968, -5.554242], [105.239933, -5.554294], [105.239912, -5.55432]]}}, {"type": "Feature", "properties": {}, "geometry": {"type": "LineString", "coordinates": [[105.247321, -5.563391], [105.247311, -5.563381], [105.247298, -5.563364], [105.247284, -5.563333], [105.247272, -5.563294], [105.247254, -5.563261], [105.247239, -5.563237], [105.247228, -5.563213], [105.247217, -5.563191], [105.247198, -5.563155], [105.247189, -5.563129], [105.247186, -5.563119], [105.247183, -5.56311], [105.247177, -5.563101], [105.247171, -5.563094], [105.247163, -5.563088], [105.247154, -5.563083], [105.247145, -5.56308], [105.247085, -5.562984], [105.247058, -5.562957], [105.24702, -5.562908], [105.246992, -5.562872], [105.246968, -5.562839], [105.246959, -5.562814], [105.246938, -5.562775], [105.246929, -5.562752], [105.246932, -5.562743], [105.246937, -5.562735], [105.246942, -5.562727], [105.246949, -5.56272], [105.247013, -5.562653], [105.247048, -5.562613], [105.247086, -5.562578], [105.247147, -5.562529], [105.247185, -5.562494], [105.24722, -5.562455], [105.24724, -5.562427], [105.247243, -5.56242], [105.247246, -5.562414], [105.247247, -5.562407], [105.247247, -5.5624], [105.247247, -5.562393], [105.247245, -5.562386], [105.247242, -5.56238], [105.247196, -5.562318], [105.247137, -5.562253], [105.247078, -5.562153], [105.247077, -5.562149], [105.247077, -5.562144], [105.247077, -5.56214], [105.247078, -5.562135], [105.24708, -5.562131], [105.247082, -5.562127], [105.247085, -5.562124], [105.247088, -5.562121], [105.247092, -5.562118], [105.247124, -5.562101], [105.247145, -5.562085], [105.24716, -5.56207], [105.24717, -5.562049], [105.247175, -5.562028], [105.247186, -5.562012], [105.247204, -5.561993], [105.247218, -5.561979], [105.247232, -5.561958], [105.247236, -5.561942], [105.247235, -5.561928], [105.247231, -5.561915], [105.247227, -5.561892]]}}, {"type": "Feature", "properties": {}, "geometry": {"type": "LineString", "coordinates": [[105.241794, -5.552718], [105.241825, -5.552751], [105.241858, -5.552791], [105.241903, -5.552856], [105.241959, -5.55294], [105.24199, -5.552993], [105.242016, -5.553029], [105.24204, -5.553078], [105.242054, -5.553109], [105.242064, -5.553142], [105.242069, -5.553175], [105.242075, -5.55321], [105.242086, -5.553244], [105.242102, -5.553276], [105.242122, -5.553305], [105.242238, -5.553441], [105.242276, -5.553485], [105.242323, -5.553516], [105.242377, -5.553575], [105.242406, -5.553604], [105.242469, -5.553666], [105.242541, -5.553761], [105.242622, -5.553864], [105.242744, -5.554072], [105.242866, -5.554245], [105.242965, -5.554379], [105.242996, -5.554418], [105.243007, -5.554425], [105.243019, -5.55443], [105.243032, -5.554433], [105.243045, -5.554434], [105.243058, -5.554432], [105.243071, -5.554429], [105.243083, -5.554423], [105.243093, -5.554415], [105.243103, -5.554406], [105.243175, -5.554314], [105.243205, -5.554286], [105.243238, -5.554261], [105.243275, -5.554243], [105.243314, -5.554229], [105.243354, -5.554222], [105.243395, -5.554221], [105.243444, -5.554222], [105.243462, -5.554222], [105.24348, -5.554225], [105.243497, -5.554231], [105.243514, -5.55424], [105.243528, -5.554251], [105.243541, -5.554264], [105.243551, -5.55428], [105.243943, -5.554783], [105.244278, -5.555128], [105.244331, -5.555184], [105.244359, -5.555218], [105.244384, -5.555256], [105.244405, -5.555295], [105.244464, -5.5555], [105.244512, -5.555678], [105.244537, -5.555812], [105.244551, -5.555889], [105.244557, -5.555966], [105.244558, -5.556043], [105.244552, -5.55612], [105.244537, -5.556268], [105.244525, -5.556327], [105.244527, -5.556419], [105.24453, -5.556483], [105.244539, -5.556567], [105.24454, -5.556616], [105.244536, -5.556674], [105.244537, -5.556736], [105.244538, -5.55678], [105.24455, -5.55683], [105.244572, -5.556905], [105.244605, -5.556995], [105.244633, -5.557078], [105.244676, -5.557188], [105.244714, -5.557274], [105.244769, -5.557392], [105.244831, -5.557513], [105.244877, -5.557609], [105.244921, -5.557698], [105.244949, -5.557761], [105.244967, -5.557804], [105.244992, -5.557844], [105.245022, -5.55788], [105.245057, -5.557911], [105.245143, -5.557988], [105.245166, -5.55802], [105.245183, -5.558055], [105.245195, -5.558092], [105.245202, -5.558131], [105.245213, -5.558217], [105.245216, -5.558253], [105.245224, -5.558289], [105.245236, -5.558323], [105.245284, -5.558453], [105.245306, -5.558503], [105.245331, -5.558551], [105.24536, -5.558596], [105.245473, -5.558769], [105.245515, -5.55884], [105.245616, -5.558947], [105.245701, -5.559054], [105.245752, -5.559126], [105.245809, -5.559209], [105.245859, -5.559289], [105.24592, -5.559382], [105.245994, -5.559506], [105.246029, -5.559575], [105.24607, -5.559666], [105.246103, -5.559751], [105.246149, -5.559876], [105.246202, -5.559979], [105.246251, -5.560062], [105.246294, -5.560155], [105.246321, -5.560205], [105.246364, -5.560253], [105.246402, -5.56029], [105.246426, -5.560331], [105.246446, -5.560369], [105.246476, -5.560433], [105.246504, -5.560486], [105.24653, -5.560525], [105.246555, -5.560566], [105.246575, -5.560597], [105.246596, -5.560642], [105.246618, -5.560679], [105.246638, -5.560704], [105.246673, -5.560756], [105.246724, -5.560825], [105.246786, -5.560895], [105.24684, -5.560957], [105.246862, -5.560987], [105.24688, -5.561019], [105.246893, -5.561054], [105.246902, -5.561089], [105.246907, -5.561197], [105.246921, -5.561327], [105.246929, -5.561369], [105.24694, -5.56141], [105.246955, -5.561449], [105.247028, -5.561602], [105.247083, -5.561727], [105.247104, -5.561784], [105.247126, -5.561812], [105.247151, -5.561838], [105.24718, -5.56186], [105.247227, -5.561892], [105.247265, -5.561917], [105.247293, -5.561932], [105.247323, -5.561943], [105.247354, -5.56195], [105.247386, -5.561953], [105.24747, -5.561962], [105.247543, -5.561975], [105.247616, -5.561992], [105.247646, -5.562014], [105.247673, -5.56204], [105.247695, -5.562069], [105.247712, -5.562102], [105.24776, -5.562239], [105.247788, -5.562328], [105.247803, -5.562412], [105.247805, -5.562475], [105.247814, -5.562586], [105.247828, -5.562659], [105.24784, -5.562713], [105.24786, -5.56279], [105.24788, -5.562886], [105.247898, -5.562974], [105.247925, -5.563058], [105.247949, -5.563115], [105.247952, -5.563126], [105.247954, -5.563137], [105.247953, -5.563148], [105.247951, -5.563159], [105.247947, -5.56317], [105.247941, -5.56318], [105.247933, -5.563188], [105.247924, -5.563195], [105.247832, -5.563225], [105.247787, -5.563255], [105.24774, -5.563289], [105.247526, -5.563433], [105.247492, -5.563445], [105.247457, -5.563453], [105.247421, -5.563455], [105.247395, -5.563446], [105.24737, -5.563433], [105.247347, -5.563417], [105.247327, -5.563398], [105.247321, -5.563391]]}}, {"type": "Feature", "properties": {}, "geometry": {"type": "LineString", "coordinates": [[105.230419, -5.547648], [105.230343, -5.547494], [105.230278, -5.547326], [105.230227, -5.547187], [105.230212, -5.54713], [105.230213, -5.547088], [105.230218, -5.547048], [105.230229, -5.547008], [105.230246, -5.54697], [105.230267, -5.546935], [105.230352, -5.546803], [105.230467, -5.54664]]}}, {"type": "Feature", "properties": {}, "geometry": {"type": "LineString", "coordinates": [[105.25062, -5.548739], [105.25077, -5.548473]]}}, {"type": "Feature", "properties": {}, "geometry": {"type": "LineString", "coordinates": [[105.241435, -5.542604], [105.241492, -5.542876], [105.241552, -5.543145], [105.241584, -5.543285], [105.241635, -5.54347], [105.241681, -5.543562], [105.241732, -5.543651], [105.241851, -5.543763], [105.241934, -5.543836], [105.242067, -5.543943], [105.242177, -5.544025], [105.242318, -5.544135], [105.242386, -5.544197], [105.242451, -5.544271], [105.242522, -5.544373], [105.242605, -5.544518], [105.242622, -5.54456], [105.242681, -5.544741], [105.242709, -5.544867], [105.242724, -5.544958], [105.242762, -5.545325], [105.242786, -5.545635], [105.242797, -5.545752], [105.242808, -5.545842], [105.242832, -5.545942], [105.242865, -5.546048], [105.242887, -5.546109], [105.242937, -5.54623], [105.242984, -5.546325], [105.243046, -5.546431], [105.243081, -5.546482], [105.243146, -5.546557], [105.243225, -5.546634], [105.2433, -5.546699], [105.243373, -5.546753], [105.24343, -5.546792], [105.243552, -5.546872], [105.243648, -5.546938], [105.243715, -5.54699], [105.243814, -5.547088], [105.243899, -5.547182], [105.244017, -5.547335], [105.244093, -5.547438], [105.244188, -5.547599], [105.244217, -5.547653], [105.244244, -5.547706], [105.244269, -5.547759], [105.244293, -5.547823], [105.244313, -5.547888], [105.244327, -5.547955], [105.244337, -5.548023], [105.244342, -5.548129], [105.244351, -5.548234], [105.244364, -5.548339], [105.244434, -5.548547], [105.244536, -5.548854], [105.244567, -5.548946], [105.244591, -5.549039], [105.244609, -5.549133], [105.24462, -5.549228], [105.244624, -5.549324], [105.244621, -5.54942], [105.244612, -5.549516], [105.244506, -5.549815], [105.244448, -5.549947], [105.244415, -5.550035], [105.24439, -5.550106], [105.244369, -5.550179], [105.244352, -5.550253], [105.24434, -5.550328], [105.244326, -5.550408], [105.244307, -5.550486], [105.244283, -5.550562], [105.244254, -5.550637], [105.24422, -5.55071], [105.244172, -5.550782], [105.244121, -5.550852], [105.244065, -5.550919], [105.244006, -5.550982], [105.24372, -5.551256], [105.243473, -5.551512], [105.243288, -5.551702], [105.243129, -5.551847], [105.243004, -5.551941], [105.242861, -5.552044], [105.242718, -5.552146], [105.242538, -5.552258], [105.242353, -5.552371], [105.242162, -5.552483], [105.242068, -5.552532], [105.241977, -5.552587], [105.241889, -5.552646], [105.241804, -5.55271], [105.241794, -5.552718], [105.241723, -5.552778], [105.241641, -5.552852], [105.241556, -5.552921], [105.241467, -5.552986], [105.241374, -5.553046], [105.241278, -5.5531], [105.241162, -5.553155], [105.241043, -5.553205], [105.24096, -5.553238], [105.240879, -5.553278], [105.240802, -5.553323], [105.240728, -5.553375], [105.240659, -5.553431], [105.240593, -5.553493], [105.240459, -5.553651], [105.240283, -5.553864], [105.240211, -5.553957], [105.24014, -5.554043], [105.240051, -5.554141], [105.24002, -5.554172], [105.239992, -5.554206], [105.239968, -5.554242], [105.239933, -5.554294], [105.239912, -5.55432]]}}, {"type": "Feature", "properties": {}, "geometry": {"type": "LineString", "coordinates": [[105.234619, -5.551352], [105.234582, -5.55137], [105.234541, -5.55138], [105.234477, -5.551396], [105.234391, -5.551415], [105.234246, -5.551445], [105.234142, -5.55147], [105.234049, -5.551492], [105.233957, -5.551509], [105.233878, -5.551529], [105.233791, -5.55155], [105.233706, -5.551577], [105.233623, -5.551611], [105.233459, -5.551688], [105.233367, -5.551732], [105.233258, -5.551786], [105.233121, -5.551843], [105.233051, -5.551872], [105.232977, -5.551907], [105.2329, -5.551941], [105.23273, -5.552009], [105.232567, -5.552092], [105.232436, -5.552175], [105.232262, -5.552293], [105.232176, -5.552352], [105.231981, -5.552464], [105.231941, -5.552487]]}}, {"type": "Feature", "properties": {}, "geometry": {"type": "LineString", "coordinates": [[105.230156, -5.54983], [105.230177, -5.549815], [105.230338, -5.54974], [105.230606, -5.54961], [105.230823, -5.549495]]}}, {"type": "Feature", "properties": {}, "geometry": {"type": "LineString", "coordinates": [[105.242904, -5.552013], [105.242956, -5.552069], [105.242999, -5.552106], [105.243066, -5.552138], [105.243145, -5.552177], [105.243198, -5.552199], [105.243244, -5.552211], [105.243281, -5.552231], [105.243333, -5.552271], [105.243497, -5.552413], [105.243559, -5.552464], [105.243653, -5.552546], [105.243749, -5.552629], [105.243857, -5.552717], [105.243941, -5.552782], [105.244016, -5.552878], [105.244132, -5.553009], [105.244224, -5.553122], [105.24426, -5.553176], [105.24428, -5.553211], [105.244303, -5.553255], [105.244339, -5.553292], [105.24438, -5.553319], [105.244454, -5.553361], [105.244523, -5.553401], [105.244573, -5.553431], [105.244634, -5.553481], [105.24469, -5.553532], [105.244759, -5.553588], [105.244801, -5.55362], [105.244844, -5.553641], [105.244879, -5.553663], [105.244923, -5.553702], [105.24501, -5.553775], [105.245111, -5.553862], [105.245215, -5.553957], [105.245278, -5.554007], [105.245346, -5.554067], [105.245404, -5.554119], [105.245463, -5.554157], [105.245513, -5.554198], [105.245569, -5.554246], [105.24561, -5.554297], [105.245633, -5.554327], [105.245652, -5.55436], [105.245666, -5.554396], [105.245675, -5.554434], [105.245679, -5.554472], [105.245684, -5.554558], [105.245697, -5.554681], [105.245711, -5.554783], [105.245729, -5.55489], [105.245755, -5.554951], [105.245808, -5.555059], [105.245842, -5.555119], [105.245905, -5.555213], [105.245947, -5.555262], [105.245972, -5.555287], [105.246034, -5.555335], [105.246072, -5.555364], [105.246101, -5.555386], [105.246137, -5.555413], [105.246177, -5.555443], [105.246222, -5.555488], [105.246263, -5.555526], [105.246311, -5.555572], [105.246342, -5.555602], [105.246376, -5.555652], [105.246405, -5.555692], [105.246436, -5.555727], [105.246455, -5.555748], [105.246509, -5.55581], [105.246539, -5.555847], [105.246561, -5.555885], [105.246612, -5.555935], [105.246654, -5.556002], [105.246705, -5.556087], [105.246745, -5.55615], [105.246773, -5.556206], [105.246787, -5.556235], [105.246805, -5.556262], [105.246839, -5.556309], [105.246855, -5.556332], [105.246881, -5.556379], [105.2469, -5.556412], [105.246924, -5.556448], [105.24695, -5.556473], [105.246983, -5.556521], [105.246997, -5.556541], [105.247013, -5.556563], [105.247028, -5.556576], [105.247057, -5.556599], [105.247084, -5.556622], [105.247119, -5.556656], [105.247184, -5.556704], [105.247237, -5.556748], [105.247342, -5.556844], [105.247425, -5.556913], [105.247514, -5.556983], [105.247612, -5.55705], [105.247707, -5.557102], [105.247792, -5.557147], [105.247884, -5.557181], [105.247954, -5.557203], [105.248068, -5.557233], [105.248156, -5.55725], [105.248277, -5.557277], [105.248414, -5.557303], [105.248509, -5.557311], [105.248628, -5.557323], [105.24877, -5.557335], [105.248878, -5.55734], [105.248965, -5.557345], [105.249008, -5.557349], [105.249053, -5.557359], [105.249118, -5.557376], [105.249166, -5.557393], [105.249222, -5.557403], [105.249267, -5.557409], [105.249306, -5.557415], [105.249353, -5.557433], [105.249397, -5.557452], [105.249438, -5.557471], [105.249473, -5.557491], [105.2495, -5.557505], [105.249516, -5.557526], [105.24953, -5.55755], [105.249561, -5.557569], [105.249609, -5.557593], [105.249652, -5.557625], [105.249689, -5.557677], [105.249714, -5.557714], [105.249727, -5.557755], [105.249738, -5.557802], [105.249747, -5.557857], [105.249754, -5.557903], [105.249769, -5.55801], [105.249784, -5.558066], [105.249806, -5.558147], [105.249826, -5.558209], [105.249843, -5.558264], [105.249864, -5.558309], [105.249879, -5.558343], [105.249882, -5.558374], [105.249883, -5.558414], [105.249889, -5.558445], [105.249907, -5.558475], [105.249936, -5.558527], [105.24996, -5.558571], [105.250002, -5.558635], [105.250033, -5.558677], [105.250063, -5.5587], [105.250091, -5.558729], [105.250153, -5.558805], [105.250297, -5.558967], [105.250367, -5.559047], [105.250416, -5.559091], [105.250462, -5.559119], [105.250507, -5.559145], [105.25053, -5.559168], [105.250566, -5.5592], [105.250604, -5.559224], [105.250637, -5.559233], [105.250687, -5.55921], [105.250723, -5.559175], [105.250775, -5.559164], [105.250825, -5.559167], [105.25089, -5.559174], [105.250968, -5.559186], [105.251046, -5.55918], [105.251104, -5.559181], [105.251181, -5.559162], [105.251248, -5.559145], [105.251319, -5.55911], [105.251394, -5.559059], [105.25144, -5.559012], [105.251485, -5.558937], [105.25151, -5.558874], [105.251537, -5.558824], [105.251578, -5.558797], [105.251636, -5.558761], [105.251683, -5.558742], [105.251766, -5.558731], [105.251821, -5.558752], [105.251872, -5.558777], [105.252053, -5.558869], [105.252107, -5.558897], [105.25215, -5.558897], [105.252204, -5.558923], [105.252275, -5.558958], [105.252357, -5.559003], [105.252426, -5.559056], [105.252471, -5.559104], [105.252517, -5.559153], [105.252564, -5.559215], [105.252594, -5.559243], [105.252646, -5.559235], [105.252688, -5.559209], [105.252722, -5.559178], [105.252732, -5.559148], [105.252736, -5.559127], [105.252736, -5.559105], [105.252733, -5.559084], [105.252727, -5.559063], [105.252717, -5.559044], [105.252705, -5.559026], [105.252534, -5.558739], [105.25252, -5.558697], [105.252545, -5.558641], [105.252578, -5.558556], [105.252601, -5.558492], [105.252626, -5.558439], [105.252629, -5.558397], [105.252618, -5.558371], [105.252607, -5.558321], [105.25257, -5.558275], [105.252544, -5.55823], [105.252497, -5.558192], [105.252446, -5.558162], [105.252392, -5.558111], [105.252363, -5.55807], [105.25232, -5.557992], [105.252291, -5.557932], [105.252263, -5.55789], [105.252228, -5.557854], [105.252187, -5.557798], [105.252172, -5.557773], [105.252151, -5.557748], [105.252126, -5.557732], [105.252102, -5.557714], [105.252084, -5.557689], [105.252067, -5.557657], [105.252054, -5.557631], [105.252041, -5.557599], [105.252024, -5.557576], [105.252003, -5.557559], [105.251989, -5.55754], [105.251973, -5.557501], [105.251962, -5.557454], [105.251955, -5.557389], [105.251952, -5.557352], [105.251952, -5.557308], [105.25195, -5.557264], [105.251944, -5.557226], [105.251932, -5.557189], [105.251915, -5.557144], [105.251906, -5.557098], [105.251898, -5.557036], [105.251886, -5.556978], [105.251884, -5.556937], [105.25188, -5.556886], [105.25187, -5.556806], [105.251868, -5.55674], [105.25186, -5.556675], [105.251853, -5.556618], [105.251851, -5.55655], [105.251845, -5.556485], [105.251835, -5.556428], [105.251828, -5.556377], [105.251816, -5.556325], [105.251814, -5.556193], [105.251813, -5.556116], [105.251823, -5.556036], [105.251829, -5.555971], [105.251839, -5.555921], [105.251851, -5.555844], [105.251873, -5.555766], [105.251896, -5.555701], [105.251919, -5.555641], [105.251951, -5.555567], [105.251964, -5.555518], [105.251985, -5.555467], [105.252006, -5.555403], [105.252028, -5.555348], [105.252047, -5.555296], [105.252066, -5.555252], [105.25209, -5.555214], [105.252112, -5.555175], [105.252139, -5.555135], [105.252169, -5.55509], [105.252206, -5.555041], [105.252235, -5.554988], [105.252266, -5.554923], [105.252318, -5.554829], [105.252357, -5.554762], [105.25242, -5.554643], [105.252476, -5.55456], [105.252509, -5.554519], [105.252538, -5.554481], [105.252603, -5.55441], [105.252647, -5.554356], [105.25267, -5.554317], [105.252686, -5.554286], [105.252714, -5.554238], [105.252753, -5.554185], [105.252787, -5.554135], [105.252818, -5.554108], [105.252845, -5.554084], [105.25287, -5.55406], [105.252896, -5.55402], [105.252917, -5.553982], [105.252927, -5.553946], [105.252963, -5.553874], [105.253006, -5.553806], [105.253052, -5.553745], [105.253067, -5.553706], [105.253087, -5.553654], [105.253117, -5.553574], [105.253134, -5.553519], [105.25314, -5.553478], [105.253152, -5.553446], [105.253153, -5.55336], [105.253141, -5.553257], [105.2531, -5.552879], [105.253078, -5.552814], [105.253088, -5.552768], [105.253109, -5.55273]]}}, {"type": "Feature", "properties": {}, "geometry": {"type": "LineString", "coordinates": [[105.224779, -5.544137], [105.22476, -5.544089], [105.224747, -5.544041], [105.224742, -5.543988], [105.224742, -5.543901], [105.224743, -5.543836], [105.224716, -5.543795], [105.224683, -5.543758], [105.224645, -5.543727], [105.224603, -5.543701], [105.224558, -5.543681], [105.22451, -5.543668], [105.224461, -5.543663], [105.224412, -5.543664], [105.224364, -5.543672], [105.224317, -5.543688], [105.224272, -5.54371], [105.224232, -5.543738], [105.224196, -5.543771], [105.224178, -5.543782], [105.224158, -5.54379], [105.224138, -5.543795], [105.224117, -5.543796], [105.224096, -5.543794], [105.224076, -5.543788], [105.224057, -5.54378], [105.224039, -5.543768], [105.223893, -5.543672]]}}, {"type": "Feature", "properties": {}, "geometry": {"type": "LineString", "coordinates": [[105.25062, -5.548739], [105.25077, -5.548473]]}}, {"type": "Feature", "properties": {}, "geometry": {"type": "LineString", "coordinates": [[105.243887, -5.551096], [105.24395, -5.55117], [105.244005, -5.551224], [105.244056, -5.551284], [105.244461, -5.551646], [105.244658, -5.551781], [105.244906, -5.551889], [105.245158, -5.551977], [105.245284, -5.552016], [105.24533, -5.552022], [105.245377, -5.552022], [105.245423, -5.552015], [105.245467, -5.552001], [105.24551, -5.551982], [105.245549, -5.551956], [105.245584, -5.551925], [105.245614, -5.55189], [105.245639, -5.551851], [105.245658, -5.551808], [105.245671, -5.551763], [105.245721, -5.551647], [105.245748, -5.551545], [105.24576, -5.551499], [105.245813, -5.551449], [105.24598, -5.551301], [105.246065, -5.551226], [105.246135, -5.551186], [105.246221, -5.551153], [105.246304, -5.551124], [105.246667, -5.550992], [105.246787, -5.550943], [105.246889, -5.550887], [105.246959, -5.550839], [105.247067, -5.550762], [105.247121, -5.550723], [105.247187, -5.550687], [105.247276, -5.550642], [105.247342, -5.550606], [105.247423, -5.550555], [105.247532, -5.550491], [105.247666, -5.55042], [105.247809, -5.550361], [105.247945, -5.550297], [105.248037, -5.550251], [105.248116, -5.55022], [105.248199, -5.550182], [105.24827, -5.550157], [105.248339, -5.550146], [105.248427, -5.550135], [105.248518, -5.550121], [105.248591, -5.550098], [105.248657, -5.55007], [105.248716, -5.550029], [105.248778, -5.54998], [105.248825, -5.549934], [105.248866, -5.549892], [105.248892, -5.549876], [105.248919, -5.549865], [105.248948, -5.549857], [105.248977, -5.549855], [105.249007, -5.549857], [105.249036, -5.549863], [105.249135, -5.549894], [105.24918, -5.549916], [105.249226, -5.549942], [105.249273, -5.54998], [105.249312, -5.550015], [105.249373, -5.550077], [105.249441, -5.550157], [105.249503, -5.550235], [105.249538, -5.550272], [105.249573, -5.550303], [105.249618, -5.55034], [105.249668, -5.550375], [105.249844, -5.550508], [105.249909, -5.550587], [105.24993, -5.55062], [105.249946, -5.550656], [105.249958, -5.550693], [105.249964, -5.550732], [105.24998, -5.550875], [105.24999, -5.550992], [105.249991, -5.551095], [105.249992, -5.551164], [105.250004, -5.551221], [105.250029, -5.551295], [105.25006, -5.551366], [105.250097, -5.551434], [105.25014, -5.551499], [105.250176, -5.551523], [105.250238, -5.551532], [105.250325, -5.551545], [105.25038, -5.551552], [105.250421, -5.551569], [105.250463, -5.55159], [105.250539, -5.551635], [105.250672, -5.551731], [105.250701, -5.551756], [105.250726, -5.551786], [105.250747, -5.55182], [105.250762, -5.551855], [105.250772, -5.551893], [105.250777, -5.551962], [105.250755, -5.552075], [105.250711, -5.552269], [105.250707, -5.552315], [105.250709, -5.552362], [105.250718, -5.552407], [105.250733, -5.552451], [105.250753, -5.552493], [105.250779, -5.552532], [105.250791, -5.552539], [105.250805, -5.552543], [105.250818, -5.552545], [105.250832, -5.552545], [105.250846, -5.552543], [105.250859, -5.552539], [105.250871, -5.552532], [105.250882, -5.552523], [105.250892, -5.552513], [105.250899, -5.552501], [105.251036, -5.552216], [105.25109, -5.552144], [105.251142, -5.552066], [105.251206, -5.551998], [105.251317, -5.551885], [105.251403, -5.551811], [105.251483, -5.551746], [105.251572, -5.551701], [105.25162, -5.55168], [105.25167, -5.551666], [105.251721, -5.551657], [105.251773, -5.551654], [105.251824, -5.551658], [105.252174, -5.551661], [105.252303, -5.551648], [105.252412, -5.551629], [105.25256, -5.551584], [105.252623, -5.551559], [105.252684, -5.551528], [105.252742, -5.551492], [105.252772, -5.551471], [105.252798, -5.551446], [105.252821, -5.551417], [105.25284, -5.551386], [105.252849, -5.551353], [105.252853, -5.551319], [105.252852, -5.551285], [105.252847, -5.551251], [105.252821, -5.551218], [105.252791, -5.551188], [105.252758, -5.551162], [105.252574, -5.551034], [105.252346, -5.550876], [105.25213, -5.550729], [105.252072, -5.550661], [105.252054, -5.550633], [105.25204, -5.550602], [105.252032, -5.55057], [105.252019, -5.55049], [105.252007, -5.550372], [105.25198, -5.550055], [105.25197, -5.549987], [105.251954, -5.549919], [105.251932, -5.549853], [105.251905, -5.549789], [105.25179, -5.54962], [105.251667, -5.549474], [105.251545, -5.549351], [105.251473, -5.549287], [105.251427, -5.549253], [105.251383, -5.549225], [105.251326, -5.54921], [105.251248, -5.549193], [105.251178, -5.549181], [105.251123, -5.549163], [105.251057, -5.549131], [105.250973, -5.549069], [105.250632, -5.548748], [105.25062, -5.548739], [105.25052, -5.548663], [105.250364, -5.548501], [105.25024, -5.548369], [105.250141, -5.548221], [105.250012, -5.54801], [105.249906, -5.547838], [105.249816, -5.547696], [105.249661, -5.547485], [105.249576, -5.547368], [105.24952, -5.547296], [105.249487, -5.547265], [105.24945, -5.547238], [105.249409, -5.547217], [105.249366, -5.547202], [105.249321, -5.547193], [105.249275, -5.54719], [105.249229, -5.547193], [105.249103, -5.547216], [105.248983, -5.547235], [105.248911, -5.547246], [105.24889, -5.547252], [105.248858, -5.547289]]}}, {"type": "Feature", "properties": {}, "geometry": {"type": "LineString", "coordinates": [[105.241794, -5.552718], [105.241825, -5.552751], [105.241858, -5.552791], [105.241903, -5.552856], [105.241959, -5.55294], [105.24199, -5.552993], [105.242016, -5.553029], [105.24204, -5.553078], [105.242054, -5.553109], [105.242064, -5.553142], [105.242069, -5.553175], [105.242075, -5.55321], [105.242086, -5.553244], [105.242102, -5.553276], [105.242122, -5.553305], [105.242238, -5.553441], [105.242276, -5.553485], [105.242323, -5.553516], [105.242377, -5.553575], [105.242406, -5.553604], [105.242469, -5.553666], [105.242541, -5.553761], [105.242622, -5.553864], [105.242744, -5.554072], [105.242866, -5.554245], [105.242965, -5.554379], [105.242996, -5.554418], [105.243007, -5.554425], [105.243019, -5.55443], [105.243032, -5.554433], [105.243045, -5.554434], [105.243058, -5.554432], [105.243071, -5.554429], [105.243083, -5.554423], [105.243093, -5.554415], [105.243103, -5.554406], [105.243175, -5.554314], [105.243205, -5.554286], [105.243238, -5.554261], [105.243275, -5.554243], [105.243314, -5.554229], [105.243354, -5.554222], [105.243395, -5.554221], [105.243444, -5.554222], [105.243462, -5.554222], [105.24348, -5.554225], [105.243497, -5.554231], [105.243514, -5.55424], [105.243528, -5.554251], [105.243541, -5.554264], [105.243551, -5.55428], [105.243943, -5.554783], [105.244278, -5.555128], [105.244331, -5.555184], [105.244359, -5.555218], [105.244384, -5.555256], [105.244405, -5.555295], [105.244464, -5.5555], [105.244512, -5.555678], [105.244537, -5.555812], [105.244551, -5.555889], [105.244557, -5.555966], [105.244558, -5.556043], [105.244552, -5.55612], [105.244537, -5.556268], [105.244525, -5.556327], [105.244527, -5.556419], [105.24453, -5.556483], [105.244539, -5.556567], [105.24454, -5.556616], [105.244536, -5.556674], [105.244537, -5.556736], [105.244538, -5.55678], [105.24455, -5.55683], [105.244572, -5.556905], [105.244605, -5.556995], [105.244633, -5.557078], [105.244676, -5.557188], [105.244714, -5.557274], [105.244769, -5.557392], [105.244831, -5.557513], [105.244877, -5.557609], [105.244921, -5.557698], [105.244949, -5.557761], [105.244967, -5.557804], [105.244992, -5.557844], [105.245022, -5.55788], [105.245057, -5.557911], [105.245143, -5.557988], [105.245166, -5.55802], [105.245183, -5.558055], [105.245195, -5.558092], [105.245202, -5.558131], [105.245213, -5.558217], [105.245216, -5.558253], [105.245224, -5.558289], [105.245236, -5.558323], [105.245284, -5.558453], [105.245306, -5.558503], [105.245331, -5.558551], [105.24536, -5.558596], [105.245473, -5.558769], [105.245515, -5.55884], [105.245616, -5.558947], [105.245701, -5.559054], [105.245752, -5.559126], [105.245809, -5.559209], [105.245859, -5.559289], [105.24592, -5.559382], [105.245994, -5.559506], [105.246029, -5.559575], [105.24607, -5.559666], [105.246103, -5.559751], [105.246149, -5.559876], [105.246202, -5.559979], [105.246251, -5.560062], [105.246294, -5.560155], [105.246321, -5.560205], [105.246364, -5.560253], [105.246402, -5.56029], [105.246426, -5.560331], [105.246446, -5.560369], [105.246476, -5.560433], [105.246504, -5.560486], [105.24653, -5.560525], [105.246555, -5.560566], [105.246575, -5.560597], [105.246596, -5.560642], [105.246618, -5.560679], [105.246638, -5.560704], [105.246673, -5.560756], [105.246724, -5.560825], [105.246786, -5.560895], [105.24684, -5.560957], [105.246862, -5.560987], [105.24688, -5.561019], [105.246893, -5.561054], [105.246902, -5.561089], [105.246907, -5.561197], [105.246921, -5.561327], [105.246929, -5.561369], [105.24694, -5.56141], [105.246955, -5.561449], [105.247028, -5.561602], [105.247083, -5.561727], [105.247104, -5.561784], [105.247126, -5.561812], [105.247151, -5.561838], [105.24718, -5.56186], [105.247265, -5.561917], [105.247293, -5.561932], [105.247323, -5.561943], [105.247354, -5.56195], [105.247386, -5.561953], [105.24747, -5.561962], [105.247543, -5.561975], [105.247616, -5.561992], [105.247646, -5.562014], [105.247673, -5.56204], [105.247695, -5.562069], [105.247712, -5.562102], [105.24776, -5.562239], [105.247788, -5.562328], [105.247803, -5.562412], [105.247805, -5.562475], [105.247814, -5.562586], [105.247828, -5.562659], [105.24784, -5.562713], [105.24786, -5.56279], [105.24788, -5.562886], [105.247898, -5.562974], [105.247925, -5.563058], [105.247949, -5.563115], [105.247952, -5.563126], [105.247954, -5.563137], [105.247953, -5.563148], [105.247951, -5.563159], [105.247947, -5.56317], [105.247941, -5.56318], [105.247933, -5.563188], [105.247924, -5.563195], [105.247832, -5.563225], [105.247787, -5.563255], [105.24774, -5.563289], [105.247526, -5.563433], [105.247492, -5.563445], [105.247457, -5.563453], [105.247421, -5.563455], [105.247395, -5.563446], [105.24737, -5.563433], [105.247347, -5.563417], [105.247327, -5.563398], [105.247321, -5.563391]]}}, {"type": "Feature", "properties": {}, "geometry": {"type": "LineString", "coordinates": [[105.240658, -5.554969], [105.240731, -5.554915], [105.240889, -5.554802], [105.240981, -5.554736], [105.241032, -5.554706], [105.241118, -5.554647], [105.241195, -5.554582], [105.241299, -5.554486], [105.241393, -5.554408]]}}, {"type": "Feature", "properties": {}, "geometry": {"type": "LineString", "coordinates": [[105.253654, -5.552672], [105.253611, -5.552669], [105.253535, -5.552653], [105.253458, -5.552634], [105.253398, -5.55262], [105.253335, -5.552615], [105.253272, -5.55261], [105.253215, -5.552633], [105.253175, -5.552663], [105.253144, -5.552693], [105.253109, -5.55273]]}}, {"type": "Feature", "properties": {}, "geometry": {"type": "LineString", "coordinates": [[105.236621, -5.551439], [105.236622, -5.551403]]}}, {"type": "Feature", "properties": {}, "geometry": {"type": "LineString", "coordinates": [[105.253733, -5.552323], [105.253702, -5.552397], [105.253685, -5.552526], [105.253654, -5.552672], [105.253611, -5.552802], [105.253561, -5.552936], [105.253504, -5.553096], [105.253454, -5.553209], [105.253356, -5.55329], [105.253284, -5.55336], [105.253152, -5.553446]]}}, {"type": "Feature", "properties": {}, "geometry": {"type": "LineString", "coordinates": [[105.234619, -5.551352], [105.234582, -5.55137], [105.234541, -5.55138], [105.234477, -5.551396], [105.234391, -5.551415], [105.234246, -5.551445], [105.234142, -5.55147], [105.234049, -5.551492], [105.233957, -5.551509], [105.233878, -5.551529], [105.233791, -5.55155], [105.233706, -5.551577], [105.233623, -5.551611], [105.233459, -5.551688], [105.233367, -5.551732], [105.233258, -5.551786], [105.233121, -5.551843], [105.233051, -5.551872], [105.232977, -5.551907], [105.2329, -5.551941], [105.23273, -5.552009], [105.232567, -5.552092], [105.232436, -5.552175], [105.232262, -5.552293], [105.232176, -5.552352], [105.231981, -5.552464], [105.231941, -5.552487]]}}, {"type": "Feature", "properties": {}, "geometry": {"type": "LineString", "coordinates": [[105.23623, -5.553741], [105.236262, -5.553726], [105.236339, -5.553701], [105.236604, -5.553627], [105.236824, -5.55358], [105.236975, -5.553531], [105.237238, -5.553468], [105.237403, -5.553428], [105.237548, -5.553395], [105.237556, -5.553389], [105.237562, -5.553382], [105.237567, -5.553374], [105.23757, -5.553365], [105.237572, -5.553355], [105.237572, -5.553346], [105.237571, -5.553336], [105.237568, -5.553327], [105.237564, -5.553319], [105.237558, -5.553311], [105.237458, -5.553172], [105.237327, -5.55298], [105.237249, -5.552861], [105.237216, -5.552813], [105.237096, -5.552606], [105.236747, -5.552015], [105.236689, -5.551921], [105.236637, -5.551821], [105.236621, -5.551783], [105.23661, -5.551743], [105.236606, -5.551702], [105.236608, -5.551661], [105.236616, -5.55162]]}}, {"type": "Feature", "properties": {}, "geometry": {"type": "LineString", "coordinates": [[105.224478, -5.544168], [105.224511, -5.544171], [105.224569, -5.544166], [105.224714, -5.544148], [105.224838, -5.544128], [105.224884, -5.544121], [105.224952, -5.544138], [105.225017, -5.544162], [105.225081, -5.544191], [105.225141, -5.544226], [105.225252, -5.544297], [105.225337, -5.544346], [105.225408, -5.54438], [105.225512, -5.544422], [105.225584, -5.544444], [105.225698, -5.544476], [105.225781, -5.544501], [105.225885, -5.544543], [105.226018, -5.5446], [105.226156, -5.544664], [105.226324, -5.544733], [105.226437, -5.544777], [105.226532, -5.544816], [105.226745, -5.544907], [105.227001, -5.544997], [105.227122, -5.545034], [105.22719, -5.54505], [105.227256, -5.545071], [105.227321, -5.545097], [105.227391, -5.545129], [105.227457, -5.545166], [105.22752, -5.54521], [105.227602, -5.545277], [105.227681, -5.545347], [105.22784, -5.545513], [105.227949, -5.545629], [105.228018, -5.545697], [105.228091, -5.545762], [105.228167, -5.545823], [105.228247, -5.545876], [105.228324, -5.545935], [105.228422, -5.546025], [105.228516, -5.546118], [105.228664, -5.54631], [105.228723, -5.546382], [105.228777, -5.546435], [105.22888, -5.546553], [105.229023, -5.546717], [105.229106, -5.546827], [105.229225, -5.546951], [105.229321, -5.547052], [105.229367, -5.547098], [105.229417, -5.54714], [105.229471, -5.547177], [105.229566, -5.547228], [105.229663, -5.547274], [105.229849, -5.547353], [105.230042, -5.547448], [105.230343, -5.547601], [105.230419, -5.547648], [105.230481, -5.54771], [105.230539, -5.547775], [105.230593, -5.547844], [105.230643, -5.547916], [105.230789, -5.54815], [105.230819, -5.548187], [105.230852, -5.548222], [105.230887, -5.548255], [105.230921, -5.548284], [105.230952, -5.548317], [105.23098, -5.548352], [105.231004, -5.548389], [105.231024, -5.548429], [105.231039, -5.548471], [105.231062, -5.548568], [105.231075, -5.548632], [105.231083, -5.548704], [105.231087, -5.548796], [105.231089, -5.548858], [105.231098, -5.548919], [105.231113, -5.54898], [105.23115, -5.54912], [105.231178, -5.549225], [105.231197, -5.549277], [105.231221, -5.549328], [105.231248, -5.549376], [105.231317, -5.549484], [105.231351, -5.549532], [105.231388, -5.549577], [105.231428, -5.54962], [105.231487, -5.549669], [105.231561, -5.54972], [105.231806, -5.549919], [105.23192, -5.550009], [105.231975, -5.550045], [105.232031, -5.550079], [105.232112, -5.550116], [105.232194, -5.550149], [105.232275, -5.550181], [105.232354, -5.550218], [105.232501, -5.550291], [105.23266, -5.550373], [105.232761, -5.550432], [105.232859, -5.550496], [105.233013, -5.550597], [105.233151, -5.550685], [105.233196, -5.550714], [105.233238, -5.550748], [105.233276, -5.550786], [105.23331, -5.550828], [105.233341, -5.550864], [105.233375, -5.550896], [105.233413, -5.550926], [105.233452, -5.550951], [105.2335, -5.550979], [105.233571, -5.551009], [105.23372, -5.551068], [105.233901, -5.55113], [105.234066, -5.551185], [105.234117, -5.551199], [105.234177, -5.551211], [105.234237, -5.551217], [105.234297, -5.551218], [105.23434, -5.551215], [105.234382, -5.551217], [105.234424, -5.551224], [105.234464, -5.551236], [105.234503, -5.551254], [105.234539, -5.551276], [105.234572, -5.551303], [105.234619, -5.551352], [105.234695, -5.551431], [105.234778, -5.551527], [105.234874, -5.551663], [105.234925, -5.55174], [105.235016, -5.551873], [105.235078, -5.551953], [105.235127, -5.55201], [105.235207, -5.552099], [105.235271, -5.552177], [105.235312, -5.552233], [105.235368, -5.55231], [105.235436, -5.552405], [105.235496, -5.552489], [105.235554, -5.552563], [105.235605, -5.552629], [105.235679, -5.552738], [105.235731, -5.55281], [105.235816, -5.552934], [105.235869, -5.553029], [105.235948, -5.55318], [105.236, -5.553292], [105.236144, -5.553577], [105.23623, -5.553741], [105.236245, -5.55377], [105.236363, -5.553993], [105.236459, -5.554178], [105.236532, -5.55432]]}}, {"type": "Feature", "properties": {}, "geometry": {"type": "LineString", "coordinates": [[105.243887, -5.551096], [105.24395, -5.55117], [105.244005, -5.551224], [105.244056, -5.551284], [105.244461, -5.551646], [105.244658, -5.551781], [105.244906, -5.551889], [105.245158, -5.551977], [105.245284, -5.552016], [105.24533, -5.552022], [105.245377, -5.552022], [105.245423, -5.552015], [105.245467, -5.552001], [105.24551, -5.551982], [105.245549, -5.551956], [105.245584, -5.551925], [105.245614, -5.55189], [105.245639, -5.551851], [105.245658, -5.551808], [105.245671, -5.551763], [105.245721, -5.551647], [105.245748, -5.551545], [105.24576, -5.551499], [105.245813, -5.551449], [105.24598, -5.551301], [105.246065, -5.551226], [105.246135, -5.551186], [105.246221, -5.551153], [105.246304, -5.551124], [105.246667, -5.550992], [105.246787, -5.550943], [105.246889, -5.550887], [105.246959, -5.550839], [105.247067, -5.550762], [105.247121, -5.550723], [105.247187, -5.550687], [105.247276, -5.550642], [105.247342, -5.550606], [105.247423, -5.550555], [105.247532, -5.550491], [105.247666, -5.55042], [105.247809, -5.550361], [105.247945, -5.550297], [105.248037, -5.550251], [105.248116, -5.55022], [105.248199, -5.550182], [105.24827, -5.550157], [105.248339, -5.550146], [105.248427, -5.550135], [105.248518, -5.550121], [105.248591, -5.550098], [105.248657, -5.55007], [105.248716, -5.550029], [105.248778, -5.54998], [105.248825, -5.549934], [105.248866, -5.549892], [105.248892, -5.549876], [105.248919, -5.549865], [105.248948, -5.549857], [105.248977, -5.549855], [105.249007, -5.549857], [105.249036, -5.549863], [105.249135, -5.549894], [105.24918, -5.549916], [105.249226, -5.549942], [105.249273, -5.54998], [105.249312, -5.550015], [105.249373, -5.550077], [105.249441, -5.550157], [105.249503, -5.550235], [105.249538, -5.550272], [105.249573, -5.550303], [105.249618, -5.55034], [105.249668, -5.550375], [105.249844, -5.550508], [105.249909, -5.550587], [105.24993, -5.55062], [105.249946, -5.550656], [105.249958, -5.550693], [105.249964, -5.550732], [105.24998, -5.550875], [105.24999, -5.550992], [105.249991, -5.551095], [105.249992, -5.551164], [105.250004, -5.551221], [105.250029, -5.551295], [105.25006, -5.551366], [105.250097, -5.551434], [105.25014, -5.551499], [105.250176, -5.551523], [105.250238, -5.551532], [105.250325, -5.551545], [105.25038, -5.551552], [105.250421, -5.551569], [105.250463, -5.55159], [105.250539, -5.551635], [105.250672, -5.551731], [105.250701, -5.551756], [105.250726, -5.551786], [105.250747, -5.55182], [105.250762, -5.551855], [105.250772, -5.551893], [105.250777, -5.551962], [105.250755, -5.552075], [105.250711, -5.552269], [105.250707, -5.552315], [105.250709, -5.552362], [105.250718, -5.552407], [105.250733, -5.552451], [105.250753, -5.552493], [105.250779, -5.552532], [105.250791, -5.552539], [105.250805, -5.552543], [105.250818, -5.552545], [105.250832, -5.552545], [105.250846, -5.552543], [105.250859, -5.552539], [105.250871, -5.552532], [105.250882, -5.552523], [105.250892, -5.552513], [105.250899, -5.552501], [105.251036, -5.552216], [105.25109, -5.552144], [105.251142, -5.552066], [105.251206, -5.551998], [105.251317, -5.551885], [105.251403, -5.551811], [105.251483, -5.551746], [105.251572, -5.551701], [105.25162, -5.55168], [105.25167, -5.551666], [105.251721, -5.551657], [105.251773, -5.551654], [105.251824, -5.551658], [105.252174, -5.551661], [105.252303, -5.551648], [105.252412, -5.551629], [105.25256, -5.551584], [105.252623, -5.551559], [105.252684, -5.551528], [105.252742, -5.551492], [105.252772, -5.551471], [105.252798, -5.551446], [105.252821, -5.551417], [105.25284, -5.551386], [105.252849, -5.551353], [105.252853, -5.551319], [105.252852, -5.551285], [105.252847, -5.551251], [105.252821, -5.551218], [105.252791, -5.551188], [105.252758, -5.551162], [105.252574, -5.551034], [105.252346, -5.550876], [105.25213, -5.550729], [105.252072, -5.550661], [105.252054, -5.550633], [105.25204, -5.550602], [105.252032, -5.55057], [105.252019, -5.55049], [105.252007, -5.550372], [105.25198, -5.550055], [105.25197, -5.549987], [105.251954, -5.549919], [105.251932, -5.549853], [105.251905, -5.549789], [105.25179, -5.54962], [105.251667, -5.549474], [105.251545, -5.549351], [105.251473, -5.549287], [105.251427, -5.549253], [105.251383, -5.549225], [105.251326, -5.54921], [105.251248, -5.549193], [105.251178, -5.549181], [105.251123, -5.549163], [105.251057, -5.549131], [105.250973, -5.549069], [105.250632, -5.548748], [105.25052, -5.548663], [105.250364, -5.548501], [105.25024, -5.548369], [105.250141, -5.548221], [105.250012, -5.54801], [105.249906, -5.547838], [105.249816, -5.547696], [105.249661, -5.547485], [105.249576, -5.547368], [105.24952, -5.547296], [105.249487, -5.547265], [105.24945, -5.547238], [105.249409, -5.547217], [105.249366, -5.547202], [105.249321, -5.547193], [105.249275, -5.54719], [105.249229, -5.547193], [105.249103, -5.547216], [105.248983, -5.547235], [105.248911, -5.547246], [105.24889, -5.547252], [105.248858, -5.547289]]}}, {"type": "Feature", "properties": {}, "geometry": {"type": "LineString", "coordinates": [[105.243887, -5.551096], [105.24395, -5.55117], [105.244005, -5.551224], [105.244056, -5.551284], [105.244461, -5.551646], [105.244658, -5.551781], [105.244906, -5.551889], [105.245158, -5.551977], [105.245284, -5.552016], [105.24533, -5.552022], [105.245377, -5.552022], [105.245423, -5.552015], [105.245467, -5.552001], [105.24551, -5.551982], [105.245549, -5.551956], [105.245584, -5.551925], [105.245614, -5.55189], [105.245639, -5.551851], [105.245658, -5.551808], [105.245671, -5.551763], [105.245721, -5.551647], [105.245748, -5.551545], [105.24576, -5.551499], [105.245813, -5.551449], [105.24598, -5.551301], [105.246065, -5.551226], [105.246135, -5.551186], [105.246221, -5.551153], [105.246304, -5.551124], [105.246667, -5.550992], [105.246787, -5.550943], [105.246889, -5.550887], [105.246959, -5.550839], [105.247067, -5.550762], [105.247121, -5.550723], [105.247187, -5.550687], [105.247276, -5.550642], [105.247342, -5.550606], [105.247423, -5.550555], [105.247532, -5.550491], [105.247666, -5.55042], [105.247809, -5.550361], [105.247945, -5.550297], [105.248037, -5.550251], [105.248116, -5.55022], [105.248199, -5.550182], [105.24827, -5.550157], [105.248339, -5.550146], [105.248427, -5.550135], [105.248518, -5.550121], [105.248591, -5.550098], [105.248657, -5.55007], [105.248716, -5.550029], [105.248778, -5.54998], [105.248825, -5.549934], [105.248866, -5.549892], [105.248892, -5.549876], [105.248919, -5.549865], [105.248948, -5.549857], [105.248977, -5.549855], [105.249007, -5.549857], [105.249036, -5.549863], [105.249135, -5.549894], [105.24918, -5.549916], [105.249226, -5.549942], [105.249273, -5.54998], [105.249312, -5.550015], [105.249373, -5.550077], [105.249441, -5.550157], [105.249503, -5.550235], [105.249538, -5.550272], [105.249573, -5.550303], [105.249618, -5.55034], [105.249668, -5.550375], [105.249844, -5.550508], [105.249909, -5.550587], [105.24993, -5.55062], [105.249946, -5.550656], [105.249958, -5.550693], [105.249964, -5.550732], [105.24998, -5.550875], [105.24999, -5.550992], [105.249991, -5.551095], [105.249992, -5.551164], [105.250004, -5.551221], [105.250029, -5.551295], [105.25006, -5.551366], [105.250097, -5.551434], [105.25014, -5.551499], [105.250176, -5.551523], [105.250238, -5.551532], [105.250325, -5.551545], [105.25038, -5.551552], [105.250421, -5.551569], [105.250463, -5.55159], [105.250539, -5.551635], [105.250672, -5.551731], [105.250701, -5.551756], [105.250726, -5.551786], [105.250747, -5.55182], [105.250762, -5.551855], [105.250772, -5.551893], [105.250777, -5.551962], [105.250755, -5.552075], [105.250711, -5.552269], [105.250707, -5.552315], [105.250709, -5.552362], [105.250718, -5.552407], [105.250733, -5.552451], [105.250753, -5.552493], [105.250779, -5.552532], [105.250791, -5.552539], [105.250805, -5.552543], [105.250818, -5.552545], [105.250832, -5.552545], [105.250846, -5.552543], [105.250859, -5.552539], [105.250871, -5.552532], [105.250882, -5.552523], [105.250892, -5.552513], [105.250899, -5.552501], [105.251036, -5.552216], [105.25109, -5.552144], [105.251142, -5.552066], [105.251206, -5.551998], [105.251317, -5.551885], [105.251403, -5.551811], [105.251483, -5.551746], [105.251572, -5.551701], [105.25162, -5.55168], [105.25167, -5.551666], [105.251721, -5.551657], [105.251773, -5.551654], [105.251824, -5.551658], [105.252174, -5.551661], [105.252303, -5.551648], [105.252412, -5.551629], [105.25256, -5.551584], [105.252623, -5.551559], [105.252684, -5.551528], [105.252742, -5.551492], [105.252772, -5.551471], [105.252798, -5.551446], [105.252821, -5.551417], [105.25284, -5.551386], [105.252849, -5.551353], [105.252853, -5.551319], [105.252852, -5.551285], [105.252847, -5.551251], [105.252821, -5.551218], [105.252791, -5.551188], [105.252758, -5.551162], [105.252574, -5.551034], [105.252346, -5.550876], [105.25213, -5.550729], [105.252072, -5.550661], [105.252054, -5.550633], [105.25204, -5.550602], [105.252032, -5.55057], [105.252019, -5.55049], [105.252007, -5.550372], [105.25198, -5.550055], [105.25197, -5.549987], [105.251954, -5.549919], [105.251932, -5.549853], [105.251905, -5.549789], [105.25179, -5.54962], [105.251667, -5.549474], [105.251545, -5.549351], [105.251473, -5.549287], [105.251427, -5.549253], [105.251383, -5.549225], [105.251326, -5.54921], [105.251248, -5.549193], [105.251178, -5.549181], [105.251123, -5.549163], [105.251057, -5.549131], [105.250973, -5.549069], [105.250632, -5.548748], [105.25052, -5.548663], [105.250364, -5.548501], [105.25024, -5.548369], [105.250141, -5.548221], [105.250012, -5.54801], [105.249906, -5.547838], [105.249816, -5.547696], [105.249661, -5.547485], [105.249576, -5.547368], [105.24952, -5.547296], [105.249487, -5.547265], [105.24945, -5.547238], [105.249409, -5.547217], [105.249366, -5.547202], [105.249321, -5.547193], [105.249275, -5.54719], [105.249229, -5.547193], [105.249103, -5.547216], [105.248983, -5.547235], [105.248911, -5.547246], [105.24889, -5.547252], [105.248858, -5.547289]]}}, {"type": "Feature", "properties": {}, "geometry": {"type": "LineString", "coordinates": [[105.227001, -5.544997], [105.226986, -5.545047], [105.226946, -5.545228], [105.226945, -5.545253], [105.226946, -5.545279], [105.226952, -5.545304], [105.22696, -5.545328], [105.226996, -5.54545], [105.227058, -5.54561], [105.227088, -5.545662], [105.227099, -5.545713], [105.227105, -5.545765], [105.227106, -5.545818], [105.227102, -5.54587], [105.227092, -5.545922], [105.227063, -5.546009], [105.227027, -5.546137], [105.227012, -5.546207], [105.226961, -5.54635], [105.226936, -5.546416], [105.226914, -5.546458], [105.226847, -5.546633], [105.226765, -5.546763]]}}, {"type": "Feature", "properties": {}, "geometry": {"type": "LineString", "coordinates": [[105.244056, -5.551284], [105.244375, -5.551358], [105.244729, -5.551403], [105.244891, -5.551427], [105.245061, -5.551477], [105.245223, -5.551511], [105.245388, -5.551559], [105.245596, -5.551551], [105.24576, -5.551499]]}}, {"type": "Feature", "properties": {}, "geometry": {"type": "LineString", "coordinates": [[105.246287, -5.548616], [105.246324, -5.548617], [105.246349, -5.548608], [105.246376, -5.548593], [105.246417, -5.548569], [105.246446, -5.548543], [105.246481, -5.548511], [105.246548, -5.548423], [105.246598, -5.548359], [105.24662, -5.54832], [105.246703, -5.548148], [105.246777, -5.547979], [105.24681, -5.547885], [105.24683, -5.547842], [105.24685, -5.547809], [105.246887, -5.547768], [105.246933, -5.547736], [105.246992, -5.547696], [105.24705, -5.547655], [105.247096, -5.547618], [105.247128, -5.547581], [105.247132, -5.547571]]}}, {"type": "Feature", "properties": {}, "geometry": {"type": "LineString", "coordinates": [[105.230467, -5.54664], [105.230509, -5.546591], [105.230667, -5.546473], [105.230835, -5.546376], [105.230993, -5.54629], [105.231069, -5.546257], [105.231165, -5.546236], [105.23124, -5.546232], [105.231374, -5.546225], [105.231423, -5.546228], [105.231467, -5.546226], [105.231534, -5.546215], [105.231582, -5.546217], [105.231611, -5.54622], [105.231655, -5.546206], [105.231837, -5.546155], [105.231921, -5.546134], [105.231997, -5.546139], [105.232099, -5.546148], [105.232164, -5.546166], [105.232221, -5.546191], [105.232304, -5.546232], [105.232369, -5.546265], [105.232421, -5.546285], [105.232481, -5.546298], [105.232563, -5.546307], [105.232624, -5.546309], [105.232668, -5.546312], [105.232733, -5.546328], [105.232788, -5.546342], [105.232855, -5.546365], [105.232935, -5.546388], [105.233048, -5.54643], [105.233106, -5.546453], [105.233193, -5.546503], [105.233293, -5.54656], [105.233339, -5.546585], [105.233371, -5.546596], [105.233401, -5.546603], [105.23343, -5.546613], [105.233438, -5.546615], [105.233447, -5.546616], [105.233455, -5.546615], [105.233463, -5.546613], [105.233471, -5.54661], [105.233478, -5.546605], [105.233484, -5.546599], [105.233489, -5.546592], [105.233492, -5.546585], [105.233516, -5.546548], [105.233552, -5.546514], [105.233603, -5.546457], [105.233633, -5.546417], [105.233779, -5.546285], [105.233859, -5.546216], [105.233918, -5.546171], [105.234003, -5.546083], [105.234064, -5.546005], [105.234108, -5.545975], [105.234182, -5.545926], [105.234271, -5.545898], [105.234352, -5.545862], [105.234457, -5.545812], [105.234609, -5.545725], [105.234763, -5.545644], [105.234821, -5.54559], [105.23491, -5.545485], [105.234964, -5.545433], [105.234998, -5.545409], [105.23505, -5.545385], [105.23512, -5.545368], [105.235189, -5.545346], [105.235279, -5.545313], [105.235383, -5.545267], [105.235474, -5.545208], [105.235528, -5.54517], [105.235567, -5.545141], [105.235608, -5.545099], [105.235702, -5.545004], [105.235741, -5.544962], [105.235778, -5.544923], [105.235803, -5.544898], [105.235865, -5.544845], [105.235923, -5.544786], [105.235994, -5.544728], [105.23604, -5.54468], [105.236088, -5.54463], [105.236123, -5.544597], [105.236173, -5.544556], [105.236225, -5.544507], [105.236234, -5.5445], [105.236281, -5.544506], [105.236308, -5.544507]]}}, {"type": "Feature", "properties": {}, "geometry": {"type": "LineString", "coordinates": [[105.236959, -5.544634], [105.236968, -5.544643], [105.237013, -5.544688], [105.237052, -5.544732], [105.237084, -5.544769], [105.237121, -5.544798], [105.23716, -5.544808], [105.237366, -5.544839], [105.237459, -5.54488], [105.237577, -5.544957], [105.237648, -5.545014], [105.237704, -5.545119], [105.237723, -5.545222], [105.237777, -5.545379], [105.237832, -5.545506], [105.23794, -5.545649], [105.238124, -5.545788], [105.238276, -5.545888], [105.238411, -5.545927], [105.238482, -5.545927], [105.238541, -5.545946], [105.238587, -5.545985], [105.238634, -5.54604], [105.238701, -5.546069], [105.23878, -5.546076], [105.238875, -5.546062], [105.238928, -5.546061], [105.23899, -5.54606], [105.239044, -5.546081], [105.239094, -5.546093], [105.239139, -5.546111], [105.239189, -5.546123], [105.239242, -5.546122], [105.239306, -5.546114], [105.23937, -5.546112], [105.239436, -5.546118], [105.239484, -5.546124], [105.239534, -5.546122], [105.239576, -5.546109], [105.239627, -5.546086], [105.239671, -5.546058], [105.239751, -5.545994], [105.239815, -5.545938], [105.239895, -5.545868], [105.239933, -5.545822], [105.239968, -5.545747], [105.239993, -5.545691], [105.240021, -5.545644], [105.240063, -5.545598], [105.240113, -5.545564], [105.240162, -5.545528], [105.240202, -5.545514], [105.240266, -5.545506], [105.240348, -5.545501], [105.24042, -5.545502], [105.240485, -5.545502], [105.240543, -5.545517], [105.240613, -5.545546], [105.240666, -5.545593], [105.240722, -5.545661], [105.240759, -5.545706], [105.240789, -5.545726], [105.240814, -5.545752], [105.240869, -5.54581], [105.240905, -5.545848], [105.24095, -5.545871], [105.241, -5.545888], [105.241067, -5.54591], [105.241126, -5.545938], [105.241176, -5.545953], [105.24121, -5.545974], [105.24127, -5.546041], [105.241304, -5.546092], [105.241343, -5.546152], [105.241446, -5.546298], [105.241492, -5.546356], [105.241505, -5.546374], [105.24152, -5.546389], [105.241538, -5.546401], [105.241558, -5.54641], [105.241579, -5.546416], [105.2416, -5.546418], [105.241622, -5.546416], [105.241643, -5.546411], [105.241663, -5.546402], [105.241681, -5.54639], [105.241696, -5.546375], [105.241709, -5.546357], [105.241773, -5.546264], [105.241814, -5.546202], [105.241849, -5.546153], [105.241871, -5.546134], [105.241896, -5.546118], [105.241922, -5.546106], [105.241951, -5.546098], [105.24198, -5.546095], [105.242229, -5.546036], [105.242347, -5.546001], [105.242413, -5.545979], [105.242477, -5.545957], [105.242564, -5.545925], [105.242606, -5.5459], [105.242689, -5.545839], [105.242734, -5.545803], [105.242771, -5.54578], [105.242798, -5.545766]]}}, {"type": "Feature", "properties": {}, "geometry": {"type": "LineString", "coordinates": [[105.242904, -5.552013], [105.242956, -5.552069], [105.242999, -5.552106], [105.243066, -5.552138], [105.243145, -5.552177], [105.243198, -5.552199], [105.243244, -5.552211], [105.243281, -5.552231], [105.243333, -5.552271], [105.243497, -5.552413], [105.243559, -5.552464], [105.243653, -5.552546], [105.243749, -5.552629], [105.243857, -5.552717], [105.243941, -5.552782], [105.244016, -5.552878], [105.244132, -5.553009], [105.244224, -5.553122], [105.24426, -5.553176], [105.24428, -5.553211], [105.244303, -5.553255], [105.244339, -5.553292], [105.24438, -5.553319], [105.244454, -5.553361], [105.244523, -5.553401], [105.244573, -5.553431], [105.244634, -5.553481], [105.24469, -5.553532], [105.244759, -5.553588], [105.244801, -5.55362], [105.244844, -5.553641], [105.244879, -5.553663], [105.244923, -5.553702], [105.24501, -5.553775], [105.245111, -5.553862], [105.245215, -5.553957], [105.245278, -5.554007], [105.245346, -5.554067], [105.245404, -5.554119], [105.245463, -5.554157], [105.245513, -5.554198], [105.245569, -5.554246], [105.24561, -5.554297], [105.245633, -5.554327], [105.245652, -5.55436], [105.245666, -5.554396], [105.245675, -5.554434], [105.245679, -5.554472], [105.245684, -5.554558], [105.245697, -5.554681], [105.245711, -5.554783], [105.245729, -5.55489], [105.245755, -5.554951], [105.245808, -5.555059], [105.245842, -5.555119], [105.245905, -5.555213], [105.245947, -5.555262], [105.245972, -5.555287], [105.246034, -5.555335], [105.246072, -5.555364], [105.246101, -5.555386], [105.246137, -5.555413], [105.246177, -5.555443], [105.246222, -5.555488], [105.246263, -5.555526], [105.246311, -5.555572], [105.246342, -5.555602], [105.246376, -5.555652], [105.246405, -5.555692], [105.246436, -5.555727], [105.246455, -5.555748], [105.246509, -5.55581], [105.246539, -5.555847], [105.246561, -5.555885], [105.246612, -5.555935], [105.246654, -5.556002], [105.246705, -5.556087], [105.246745, -5.55615], [105.246773, -5.556206], [105.246787, -5.556235], [105.246805, -5.556262], [105.246839, -5.556309], [105.246855, -5.556332], [105.246881, -5.556379], [105.2469, -5.556412], [105.246924, -5.556448], [105.24695, -5.556473], [105.246983, -5.556521], [105.246997, -5.556541], [105.247013, -5.556563], [105.247028, -5.556576], [105.247057, -5.556599], [105.247084, -5.556622], [105.247119, -5.556656], [105.247184, -5.556704], [105.247237, -5.556748], [105.247342, -5.556844], [105.247425, -5.556913], [105.247514, -5.556983], [105.247612, -5.55705], [105.247707, -5.557102], [105.247792, -5.557147], [105.247884, -5.557181], [105.247954, -5.557203], [105.248068, -5.557233], [105.248156, -5.55725], [105.248277, -5.557277], [105.248414, -5.557303], [105.248509, -5.557311], [105.248628, -5.557323], [105.24877, -5.557335], [105.248878, -5.55734], [105.248965, -5.557345], [105.249008, -5.557349], [105.249053, -5.557359], [105.249118, -5.557376], [105.249166, -5.557393], [105.249222, -5.557403], [105.249267, -5.557409], [105.249306, -5.557415], [105.249353, -5.557433], [105.249397, -5.557452], [105.249438, -5.557471], [105.249473, -5.557491], [105.2495, -5.557505], [105.249516, -5.557526], [105.24953, -5.55755], [105.249561, -5.557569], [105.249609, -5.557593], [105.249652, -5.557625], [105.249689, -5.557677], [105.249714, -5.557714], [105.249727, -5.557755], [105.249738, -5.557802], [105.249747, -5.557857], [105.249754, -5.557903], [105.249769, -5.55801], [105.249784, -5.558066], [105.249806, -5.558147], [105.249826, -5.558209], [105.249843, -5.558264], [105.249864, -5.558309], [105.249879, -5.558343], [105.249882, -5.558374], [105.249883, -5.558414], [105.249889, -5.558445], [105.249907, -5.558475], [105.249936, -5.558527], [105.24996, -5.558571], [105.250002, -5.558635], [105.250033, -5.558677], [105.250063, -5.5587], [105.250091, -5.558729], [105.250153, -5.558805], [105.250297, -5.558967], [105.250367, -5.559047], [105.250416, -5.559091], [105.250462, -5.559119], [105.250507, -5.559145], [105.25053, -5.559168], [105.250566, -5.5592], [105.250604, -5.559224], [105.250637, -5.559233], [105.250687, -5.55921], [105.250723, -5.559175], [105.250775, -5.559164], [105.250825, -5.559167], [105.25089, -5.559174], [105.250968, -5.559186], [105.251046, -5.55918], [105.251104, -5.559181], [105.251181, -5.559162], [105.251248, -5.559145], [105.251319, -5.55911], [105.251394, -5.559059], [105.25144, -5.559012], [105.251485, -5.558937], [105.25151, -5.558874], [105.251537, -5.558824], [105.251578, -5.558797], [105.251636, -5.558761], [105.251683, -5.558742], [105.251766, -5.558731], [105.251821, -5.558752], [105.251872, -5.558777], [105.252053, -5.558869], [105.252107, -5.558897], [105.25215, -5.558897], [105.252204, -5.558923], [105.252275, -5.558958], [105.252357, -5.559003], [105.252426, -5.559056], [105.252471, -5.559104], [105.252517, -5.559153], [105.252564, -5.559215], [105.252594, -5.559243], [105.252646, -5.559235], [105.252688, -5.559209], [105.252722, -5.559178], [105.252732, -5.559148], [105.252736, -5.559127], [105.252736, -5.559105], [105.252733, -5.559084], [105.252727, -5.559063], [105.252717, -5.559044], [105.252705, -5.559026], [105.252534, -5.558739], [105.25252, -5.558697], [105.252545, -5.558641], [105.252578, -5.558556], [105.252601, -5.558492], [105.252626, -5.558439], [105.252629, -5.558397], [105.252618, -5.558371], [105.252607, -5.558321], [105.25257, -5.558275], [105.252544, -5.55823], [105.252497, -5.558192], [105.252446, -5.558162], [105.252392, -5.558111], [105.252363, -5.55807], [105.25232, -5.557992], [105.252291, -5.557932], [105.252263, -5.55789], [105.252228, -5.557854], [105.252187, -5.557798], [105.252172, -5.557773], [105.252151, -5.557748], [105.252126, -5.557732], [105.252102, -5.557714], [105.252084, -5.557689], [105.252067, -5.557657], [105.252054, -5.557631], [105.252041, -5.557599], [105.252024, -5.557576], [105.252003, -5.557559], [105.251989, -5.55754], [105.251973, -5.557501], [105.251962, -5.557454], [105.251955, -5.557389], [105.251952, -5.557352], [105.251952, -5.557308], [105.25195, -5.557264], [105.251944, -5.557226], [105.251932, -5.557189], [105.251915, -5.557144], [105.251906, -5.557098], [105.251898, -5.557036], [105.251886, -5.556978], [105.251884, -5.556937], [105.25188, -5.556886], [105.25187, -5.556806], [105.251868, -5.55674], [105.25186, -5.556675], [105.251853, -5.556618], [105.251851, -5.55655], [105.251845, -5.556485], [105.251835, -5.556428], [105.251828, -5.556377], [105.251816, -5.556325], [105.251814, -5.556193], [105.251813, -5.556116], [105.251823, -5.556036], [105.251829, -5.555971], [105.251839, -5.555921], [105.251851, -5.555844], [105.251873, -5.555766], [105.251896, -5.555701], [105.251919, -5.555641], [105.251951, -5.555567], [105.251964, -5.555518], [105.251985, -5.555467], [105.252006, -5.555403], [105.252028, -5.555348], [105.252047, -5.555296], [105.252066, -5.555252], [105.25209, -5.555214], [105.252112, -5.555175], [105.252139, -5.555135], [105.252169, -5.55509], [105.252206, -5.555041], [105.252235, -5.554988], [105.252266, -5.554923], [105.252318, -5.554829], [105.252357, -5.554762], [105.25242, -5.554643], [105.252476, -5.55456], [105.252509, -5.554519], [105.252538, -5.554481], [105.252603, -5.55441], [105.252647, -5.554356], [105.25267, -5.554317], [105.252686, -5.554286], [105.252714, -5.554238], [105.252753, -5.554185], [105.252787, -5.554135], [105.252818, -5.554108], [105.252845, -5.554084], [105.25287, -5.55406], [105.252896, -5.55402], [105.252917, -5.553982], [105.252927, -5.553946], [105.252963, -5.553874], [105.253006, -5.553806], [105.253052, -5.553745], [105.253067, -5.553706], [105.253087, -5.553654], [105.253117, -5.553574], [105.253134, -5.553519], [105.25314, -5.553478], [105.253152, -5.553446], [105.253153, -5.55336], [105.253141, -5.553257], [105.2531, -5.552879], [105.253078, -5.552814], [105.253088, -5.552768], [105.253109, -5.55273]]}}, {"type": "Feature", "properties": {}, "geometry": {"type": "LineString", "coordinates": [[105.25062, -5.548739], [105.25077, -5.548473]]}}, {"type": "Feature", "properties": {}, "geometry": {"type": "LineString", "coordinates": [[105.224478, -5.544168], [105.224438, -5.544156], [105.224399, -5.54414], [105.224362, -5.544119], [105.224318, -5.544095], [105.224266, -5.544067], [105.224219, -5.544046], [105.224177, -5.544035], [105.22413, -5.544028], [105.22408, -5.544028], [105.22403, -5.544043], [105.224003, -5.544068], [105.223969, -5.544088], [105.223934, -5.544099], [105.223906, -5.544098], [105.223872, -5.544085], [105.223836, -5.544075], [105.223801, -5.544065], [105.22376, -5.544053], [105.223723, -5.544041], [105.223673, -5.544017], [105.223628, -5.543982], [105.223588, -5.543939], [105.223548, -5.54391], [105.223507, -5.543889], [105.223455, -5.543867], [105.223409, -5.543853], [105.223354, -5.54383], [105.223315, -5.543821], [105.223285, -5.543814], [105.223258, -5.543812], [105.223198, -5.543803], [105.223156, -5.543806], [105.223106, -5.543824], [105.223049, -5.54384], [105.222994, -5.543844], [105.222922, -5.543847], [105.222903, -5.543849], [105.222898, -5.543843], [105.222892, -5.543837], [105.222878, -5.543834], [105.222839, -5.54384], [105.222819, -5.543845], [105.222808, -5.543847], [105.222797, -5.543849], [105.222784, -5.543849], [105.222758, -5.543851], [105.222714, -5.543842], [105.222674, -5.543839], [105.222616, -5.543832], [105.222553, -5.543826], [105.222491, -5.543811], [105.22235, -5.543787], [105.222256, -5.543779], [105.222192, -5.543774], [105.222161, -5.543765], [105.22213, -5.543749], [105.222101, -5.543732], [105.222033, -5.543701], [105.221987, -5.54369], [105.221931, -5.543673], [105.221862, -5.543654], [105.22183, -5.543648], [105.221788, -5.543638], [105.221762, -5.543638], [105.221735, -5.543651], [105.221705, -5.543666], [105.221672, -5.543679], [105.221627, -5.543696], [105.221584, -5.543707], [105.221533, -5.543724], [105.221488, -5.543741], [105.22144, -5.543764], [105.22142, -5.543782], [105.221393, -5.543809], [105.221368, -5.543833], [105.221331, -5.543865], [105.22129, -5.543906], [105.22126, -5.543928], [105.221237, -5.543945], [105.220929, -5.544232], [105.220736, -5.544357], [105.220633, -5.544406], [105.220435, -5.544481], [105.22023, -5.544545], [105.220133, -5.544567], [105.220042, -5.544574], [105.219999, -5.544588], [105.219962, -5.544624], [105.219938, -5.544661], [105.219906, -5.544696], [105.219888, -5.54471]]}}, {"type": "Feature", "properties": {}, "geometry": {"type": "LineString", "coordinates": [[105.244494, -5.548727], [105.244709, -5.548648], [105.244986, -5.548541], [105.24514, -5.548469], [105.245456, -5.548324], [105.246348, -5.547879], [105.246618, -5.547741], [105.246793, -5.547663], [105.246891, -5.547629], [105.246991, -5.547601], [105.247093, -5.547578], [105.247195, -5.54756], [105.247299, -5.547549], [105.247402, -5.547543], [105.247506, -5.547542], [105.24775, -5.547535], [105.248104, -5.547494], [105.248319, -5.547477], [105.248491, -5.547468], [105.248544, -5.547466], [105.248596, -5.547457], [105.248647, -5.547442], [105.248695, -5.547421], [105.248741, -5.547395], [105.248784, -5.547364], [105.248823, -5.547329], [105.248858, -5.547289]]}}, {"type": "Feature", "properties": {}, "geometry": {"type": "LineString", "coordinates": [[105.24006, -5.554131], [105.240101, -5.554172], [105.240136, -5.554222], [105.240235, -5.554382], [105.240308, -5.554492], [105.24035, -5.554558], [105.240393, -5.55462], [105.240519, -5.55479], [105.24063, -5.554932], [105.240731, -5.555067], [105.240792, -5.555155], [105.240858, -5.555252], [105.240907, -5.555335], [105.240957, -5.555422], [105.241019, -5.555522], [105.241046, -5.555568], [105.241093, -5.555647], [105.241158, -5.555761], [105.241234, -5.555892], [105.241349, -5.556079], [105.241419, -5.556182], [105.24149, -5.556285], [105.241676, -5.556565], [105.24178, -5.556734], [105.241847, -5.556844], [105.241915, -5.556961], [105.241994, -5.557095], [105.242056, -5.557209], [105.242101, -5.557306], [105.242125, -5.557368], [105.242143, -5.557433], [105.242154, -5.557499], [105.242161, -5.557541], [105.242175, -5.557651], [105.242183, -5.557709], [105.242202, -5.557858], [105.242208, -5.557914], [105.242214, -5.557964], [105.242223, -5.558016], [105.24223, -5.558079], [105.242239, -5.558149], [105.242243, -5.558219], [105.242243, -5.558289], [105.242231, -5.558495], [105.242222, -5.558833], [105.242221, -5.558841], [105.24222, -5.55885], [105.242217, -5.558857], [105.242212, -5.558865], [105.242207, -5.558871], [105.242201, -5.558877], [105.242194, -5.558881], [105.242186, -5.558884], [105.242178, -5.558886], [105.242169, -5.558886], [105.242067, -5.558911], [105.242056, -5.558917], [105.242046, -5.558924], [105.242038, -5.558933], [105.242031, -5.558943], [105.242026, -5.558955], [105.242022, -5.558966], [105.242021, -5.558979], [105.242022, -5.558991], [105.242024, -5.559003], [105.242029, -5.559014], [105.242088, -5.559189], [105.242131, -5.559311], [105.242148, -5.559387], [105.242187, -5.559512], [105.242217, -5.559571], [105.242279, -5.559655], [105.242344, -5.559737], [105.242413, -5.559816], [105.242565, -5.559995], [105.242673, -5.560141], [105.24279, -5.560289], [105.242864, -5.560384], [105.242933, -5.560483], [105.242996, -5.560586], [105.243052, -5.560693], [105.243108, -5.56085], [105.243144, -5.56095], [105.243198, -5.561088], [105.243226, -5.561141], [105.243259, -5.561191], [105.243277, -5.561215]]}}, {"type": "Feature", "properties": {}, "geometry": {"type": "LineString", "coordinates": [[105.243356, -5.561316], [105.243374, -5.561343]]}}, {"type": "Feature", "properties": {}, "geometry": {"type": "LineString", "coordinates": [[105.243549, -5.561604], [105.243615, -5.5617]]}}, {"type": "Feature", "properties": {}, "geometry": {"type": "LineString", "coordinates": [[105.243637, -5.56173], [105.243691, -5.561804], [105.24376, -5.561885]]}}, {"type": "Feature", "properties": {}, "geometry": {"type": "LineString", "coordinates": [[105.230156, -5.54983], [105.230156, -5.54983], [105.230177, -5.549815], [105.230338, -5.54974], [105.230606, -5.54961], [105.230823, -5.549495]]}}, {"type": "Feature", "properties": {}, "geometry": {"type": "LineString", "coordinates": [[105.229124, -5.546846], [105.229112, -5.546896], [105.229106, -5.546967], [105.229104, -5.547055], [105.229102, -5.547197], [105.229094, -5.547396], [105.229092, -5.547495], [105.229097, -5.547569], [105.229107, -5.547643], [105.229124, -5.547715], [105.229147, -5.547786], [105.229207, -5.54794], [105.229273, -5.548102], [105.229323, -5.54822], [105.229428, -5.548461], [105.229498, -5.548604], [105.229567, -5.54873], [105.229665, -5.548901], [105.229798, -5.549149], [105.229905, -5.549349], [105.229935, -5.549412], [105.229963, -5.54947], [105.230015, -5.549567], [105.230109, -5.549756], [105.230156, -5.54983], [105.230164, -5.549843], [105.230225, -5.549926], [105.230291, -5.550005], [105.230362, -5.55008], [105.230483, -5.550216], [105.230591, -5.550349], [105.230672, -5.550452], [105.230733, -5.550532], [105.230817, -5.550667], [105.230982, -5.550954], [105.231138, -5.551191], [105.231195, -5.551287], [105.231261, -5.551411], [105.231343, -5.551559], [105.231445, -5.551724], [105.231677, -5.552072], [105.231888, -5.552403], [105.232021, -5.552612], [105.232103, -5.55274], [105.232182, -5.552851], [105.23224, -5.552929], [105.232282, -5.552981], [105.232327, -5.553052], [105.232371, -5.553133], [105.232491, -5.553393], [105.232601, -5.553592], [105.232683, -5.553748], [105.232704, -5.553783]]}}, {"type": "Feature", "properties": {}, "geometry": {"type": "LineString", "coordinates": [[105.242904, -5.552013], [105.242956, -5.552069], [105.242999, -5.552106], [105.243066, -5.552138], [105.243145, -5.552177], [105.243198, -5.552199], [105.243244, -5.552211], [105.243281, -5.552231], [105.243333, -5.552271], [105.243497, -5.552413], [105.243559, -5.552464], [105.243653, -5.552546], [105.243749, -5.552629], [105.243857, -5.552717], [105.243941, -5.552782], [105.244016, -5.552878], [105.244132, -5.553009], [105.244224, -5.553122], [105.24426, -5.553176], [105.24428, -5.553211], [105.244303, -5.553255], [105.244339, -5.553292], [105.24438, -5.553319], [105.244454, -5.553361], [105.244523, -5.553401], [105.244573, -5.553431], [105.244634, -5.553481], [105.24469, -5.553532], [105.244759, -5.553588], [105.244801, -5.55362], [105.244844, -5.553641], [105.244879, -5.553663], [105.244923, -5.553702], [105.24501, -5.553775], [105.245111, -5.553862], [105.245215, -5.553957], [105.245278, -5.554007], [105.245346, -5.554067], [105.245404, -5.554119], [105.245463, -5.554157], [105.245513, -5.554198], [105.245569, -5.554246], [105.24561, -5.554297], [105.245633, -5.554327], [105.245652, -5.55436], [105.245666, -5.554396], [105.245675, -5.554434], [105.245679, -5.554472], [105.245684, -5.554558], [105.245697, -5.554681], [105.245711, -5.554783], [105.245729, -5.55489], [105.245755, -5.554951], [105.245808, -5.555059], [105.245842, -5.555119], [105.245905, -5.555213], [105.245947, -5.555262], [105.245972, -5.555287], [105.246034, -5.555335], [105.246072, -5.555364], [105.246101, -5.555386], [105.246137, -5.555413], [105.246177, -5.555443], [105.246222, -5.555488], [105.246263, -5.555526], [105.246311, -5.555572], [105.246342, -5.555602], [105.246376, -5.555652], [105.246405, -5.555692], [105.246436, -5.555727], [105.246455, -5.555748], [105.246509, -5.55581], [105.246539, -5.555847], [105.246561, -5.555885], [105.246612, -5.555935], [105.246654, -5.556002], [105.246705, -5.556087], [105.246745, -5.55615], [105.246773, -5.556206], [105.246787, -5.556235], [105.246805, -5.556262], [105.246839, -5.556309], [105.246855, -5.556332], [105.246881, -5.556379], [105.2469, -5.556412], [105.246924, -5.556448], [105.24695, -5.556473], [105.246983, -5.556521], [105.246997, -5.556541], [105.247013, -5.556563], [105.247028, -5.556576], [105.247057, -5.556599], [105.247084, -5.556622], [105.247119, -5.556656], [105.247184, -5.556704], [105.247237, -5.556748], [105.247342, -5.556844], [105.247425, -5.556913], [105.247514, -5.556983], [105.247612, -5.55705], [105.247707, -5.557102], [105.247792, -5.557147], [105.247884, -5.557181], [105.247954, -5.557203], [105.248068, -5.557233], [105.248156, -5.55725], [105.248277, -5.557277], [105.248414, -5.557303], [105.248509, -5.557311], [105.248628, -5.557323], [105.24877, -5.557335], [105.248878, -5.55734], [105.248965, -5.557345], [105.249008, -5.557349], [105.249053, -5.557359], [105.249118, -5.557376], [105.249166, -5.557393], [105.249222, -5.557403], [105.249267, -5.557409], [105.249306, -5.557415], [105.249353, -5.557433], [105.249397, -5.557452], [105.249438, -5.557471], [105.249473, -5.557491], [105.2495, -5.557505], [105.249516, -5.557526], [105.24953, -5.55755], [105.249561, -5.557569], [105.249609, -5.557593], [105.249652, -5.557625], [105.249689, -5.557677], [105.249714, -5.557714], [105.249727, -5.557755], [105.249738, -5.557802], [105.249747, -5.557857], [105.249754, -5.557903], [105.249769, -5.55801], [105.249784, -5.558066], [105.249806, -5.558147], [105.249826, -5.558209], [105.249843, -5.558264], [105.249864, -5.558309], [105.249879, -5.558343], [105.249882, -5.558374], [105.249883, -5.558414], [105.249889, -5.558445], [105.249907, -5.558475], [105.249936, -5.558527], [105.24996, -5.558571], [105.250002, -5.558635], [105.250033, -5.558677], [105.250063, -5.5587], [105.250091, -5.558729], [105.250153, -5.558805], [105.250297, -5.558967], [105.250367, -5.559047], [105.250416, -5.559091], [105.250462, -5.559119], [105.250507, -5.559145], [105.25053, -5.559168], [105.250566, -5.5592], [105.250604, -5.559224], [105.250637, -5.559233], [105.250687, -5.55921], [105.250723, -5.559175], [105.250775, -5.559164], [105.250825, -5.559167], [105.25089, -5.559174], [105.250968, -5.559186], [105.251046, -5.55918], [105.251104, -5.559181], [105.251181, -5.559162], [105.251248, -5.559145], [105.251319, -5.55911], [105.251394, -5.559059], [105.25144, -5.559012], [105.251485, -5.558937], [105.25151, -5.558874], [105.251537, -5.558824], [105.251578, -5.558797], [105.251636, -5.558761], [105.251683, -5.558742], [105.251766, -5.558731], [105.251821, -5.558752], [105.251872, -5.558777], [105.252053, -5.558869], [105.252107, -5.558897], [105.25215, -5.558897], [105.252204, -5.558923], [105.252275, -5.558958], [105.252357, -5.559003], [105.252426, -5.559056], [105.252471, -5.559104], [105.252517, -5.559153], [105.252564, -5.559215], [105.252594, -5.559243], [105.252646, -5.559235], [105.252688, -5.559209], [105.252722, -5.559178], [105.252732, -5.559148], [105.252736, -5.559127], [105.252736, -5.559105], [105.252733, -5.559084], [105.252727, -5.559063], [105.252717, -5.559044], [105.252705, -5.559026], [105.252534, -5.558739], [105.25252, -5.558697], [105.252545, -5.558641], [105.252578, -5.558556], [105.252601, -5.558492], [105.252626, -5.558439], [105.252629, -5.558397], [105.252618, -5.558371], [105.252607, -5.558321], [105.25257, -5.558275], [105.252544, -5.55823], [105.252497, -5.558192], [105.252446, -5.558162], [105.252392, -5.558111], [105.252363, -5.55807], [105.25232, -5.557992], [105.252291, -5.557932], [105.252263, -5.55789], [105.252228, -5.557854], [105.252187, -5.557798], [105.252172, -5.557773], [105.252151, -5.557748], [105.252126, -5.557732], [105.252102, -5.557714], [105.252084, -5.557689], [105.252067, -5.557657], [105.252054, -5.557631], [105.252041, -5.557599], [105.252024, -5.557576], [105.252003, -5.557559], [105.251989, -5.55754], [105.251973, -5.557501], [105.251962, -5.557454], [105.251955, -5.557389], [105.251952, -5.557352], [105.251952, -5.557308], [105.25195, -5.557264], [105.251944, -5.557226], [105.251932, -5.557189], [105.251915, -5.557144], [105.251906, -5.557098], [105.251898, -5.557036], [105.251886, -5.556978], [105.251884, -5.556937], [105.25188, -5.556886], [105.25187, -5.556806], [105.251868, -5.55674], [105.25186, -5.556675], [105.251853, -5.556618], [105.251851, -5.55655], [105.251845, -5.556485], [105.251835, -5.556428], [105.251828, -5.556377], [105.251816, -5.556325], [105.251814, -5.556193], [105.251813, -5.556116], [105.251823, -5.556036], [105.251829, -5.555971], [105.251839, -5.555921], [105.251851, -5.555844], [105.251873, -5.555766], [105.251896, -5.555701], [105.251919, -5.555641], [105.251951, -5.555567], [105.251964, -5.555518], [105.251985, -5.555467], [105.252006, -5.555403], [105.252028, -5.555348], [105.252047, -5.555296], [105.252066, -5.555252], [105.25209, -5.555214], [105.252112, -5.555175], [105.252139, -5.555135], [105.252169, -5.55509], [105.252206, -5.555041], [105.252235, -5.554988], [105.252266, -5.554923], [105.252318, -5.554829], [105.252357, -5.554762], [105.25242, -5.554643], [105.252476, -5.55456], [105.252509, -5.554519], [105.252538, -5.554481], [105.252603, -5.55441], [105.252647, -5.554356], [105.25267, -5.554317], [105.252686, -5.554286], [105.252714, -5.554238], [105.252753, -5.554185], [105.252787, -5.554135], [105.252818, -5.554108], [105.252845, -5.554084], [105.25287, -5.55406], [105.252896, -5.55402], [105.252917, -5.553982], [105.252927, -5.553946], [105.252963, -5.553874], [105.253006, -5.553806], [105.253052, -5.553745], [105.253067, -5.553706], [105.253087, -5.553654], [105.253117, -5.553574], [105.253134, -5.553519], [105.25314, -5.553478], [105.253152, -5.553446], [105.253153, -5.55336], [105.253141, -5.553257], [105.2531, -5.552879], [105.253078, -5.552814], [105.253088, -5.552768], [105.253109, -5.55273]]}}, {"type": "Feature", "properties": {}, "geometry": {"type": "LineString", "coordinates": [[105.253398, -5.55262], [105.253365, -5.552612], [105.253341, -5.552609], [105.253311, -5.552606], [105.25329, -5.552603], [105.253261, -5.552599], [105.253239, -5.552591], [105.253184, -5.552563], [105.25315, -5.55253], [105.253116, -5.552467], [105.253087, -5.552416], [105.253065, -5.552384], [105.253042, -5.552355], [105.253004, -5.552327], [105.25292, -5.552263], [105.252865, -5.552234], [105.252839, -5.552214], [105.252802, -5.552188], [105.25277, -5.552156], [105.252753, -5.552135], [105.252739, -5.55211], [105.252731, -5.552077], [105.252726, -5.552064]]}}, {"type": "Feature", "properties": {}, "geometry": {"type": "LineString", "coordinates": [[105.253733, -5.552323], [105.253702, -5.552397], [105.253685, -5.552526], [105.253654, -5.552672], [105.253611, -5.552802], [105.253561, -5.552936], [105.253504, -5.553096], [105.253454, -5.553209], [105.253356, -5.55329], [105.253284, -5.55336], [105.253152, -5.553446]]}}, {"type": "Feature", "properties": {}, "geometry": {"type": "LineString", "coordinates": [[105.224779, -5.544137], [105.22476, -5.544089], [105.224747, -5.544041], [105.224742, -5.543988], [105.224742, -5.543901], [105.224743, -5.543836], [105.224716, -5.543795], [105.224683, -5.543758], [105.224645, -5.543727], [105.224603, -5.543701], [105.224558, -5.543681], [105.22451, -5.543668], [105.224461, -5.543663], [105.224412, -5.543664], [105.224364, -5.543672], [105.224317, -5.543688], [105.224272, -5.54371], [105.224232, -5.543738], [105.224196, -5.543771], [105.224178, -5.543782], [105.224158, -5.54379], [105.224138, -5.543795], [105.224117, -5.543796], [105.224096, -5.543794], [105.224076, -5.543788], [105.224057, -5.54378], [105.224039, -5.543768], [105.223893, -5.543672]]}}, {"type": "Feature", "properties": {}, "geometry": {"type": "LineString", "coordinates": [[105.224478, -5.544168], [105.224438, -5.544156], [105.224399, -5.54414], [105.224362, -5.544119], [105.224318, -5.544095], [105.224266, -5.544067], [105.224219, -5.544046], [105.224177, -5.544035], [105.22413, -5.544028], [105.22408, -5.544028], [105.22403, -5.544043], [105.224003, -5.544068], [105.223969, -5.544088], [105.223934, -5.544099], [105.223906, -5.544098], [105.223872, -5.544085], [105.223836, -5.544075], [105.223801, -5.544065], [105.22376, -5.544053], [105.223723, -5.544041], [105.223673, -5.544017], [105.223628, -5.543982], [105.223588, -5.543939], [105.223548, -5.54391], [105.223507, -5.543889], [105.223455, -5.543867], [105.223409, -5.543853], [105.223354, -5.54383], [105.223315, -5.543821], [105.223285, -5.543814], [105.223258, -5.543812], [105.223198, -5.543803], [105.223156, -5.543806], [105.223106, -5.543824], [105.223049, -5.54384], [105.222994, -5.543844], [105.222922, -5.543847], [105.222903, -5.543849], [105.222898, -5.543843], [105.222892, -5.543837], [105.222878, -5.543834], [105.222839, -5.54384], [105.222819, -5.543845], [105.222808, -5.543847], [105.222797, -5.543849], [105.222784, -5.543849], [105.222758, -5.543851], [105.222714, -5.543842], [105.222674, -5.543839], [105.222616, -5.543832], [105.222553, -5.543826], [105.222491, -5.543811], [105.22235, -5.543787], [105.222256, -5.543779], [105.222192, -5.543774], [105.222161, -5.543765], [105.22213, -5.543749], [105.222101, -5.543732], [105.222033, -5.543701], [105.221987, -5.54369], [105.221931, -5.543673], [105.221862, -5.543654], [105.22183, -5.543648], [105.221788, -5.543638], [105.221762, -5.543638], [105.221735, -5.543651], [105.221705, -5.543666], [105.221672, -5.543679], [105.221627, -5.543696], [105.221584, -5.543707], [105.221533, -5.543724], [105.221488, -5.543741], [105.22144, -5.543764], [105.22142, -5.543782], [105.221393, -5.543809], [105.221368, -5.543833], [105.221331, -5.543865], [105.22129, -5.543906], [105.22126, -5.543928], [105.221237, -5.543945], [105.220929, -5.544232], [105.220736, -5.544357], [105.220633, -5.544406], [105.220435, -5.544481], [105.22023, -5.544545], [105.220133, -5.544567], [105.220042, -5.544574], [105.219999, -5.544588], [105.219962, -5.544624], [105.219938, -5.544661], [105.219906, -5.544696], [105.219888, -5.54471]]}}, {"type": "Feature", "properties": {}, "geometry": {"type": "LineString", "coordinates": [[105.247321, -5.563391], [105.247311, -5.563381], [105.247298, -5.563364], [105.247284, -5.563333], [105.247272, -5.563294], [105.247254, -5.563261], [105.247239, -5.563237], [105.247228, -5.563213], [105.247217, -5.563191], [105.247198, -5.563155], [105.247189, -5.563129], [105.247186, -5.563119], [105.247183, -5.56311], [105.247177, -5.563101], [105.247171, -5.563094], [105.247163, -5.563088], [105.247154, -5.563083], [105.247145, -5.56308], [105.247085, -5.562984], [105.247058, -5.562957], [105.24702, -5.562908], [105.246992, -5.562872], [105.246968, -5.562839], [105.246959, -5.562814], [105.246938, -5.562775], [105.246929, -5.562752], [105.246932, -5.562743], [105.246937, -5.562735], [105.246942, -5.562727], [105.246949, -5.56272], [105.247013, -5.562653], [105.247048, -5.562613], [105.247086, -5.562578], [105.247147, -5.562529], [105.247185, -5.562494], [105.24722, -5.562455], [105.24724, -5.562427], [105.247243, -5.56242], [105.247246, -5.562414], [105.247247, -5.562407], [105.247247, -5.5624], [105.247247, -5.562393], [105.247245, -5.562386], [105.247242, -5.56238], [105.247196, -5.562318], [105.247137, -5.562253], [105.247078, -5.562153], [105.247077, -5.562149], [105.247077, -5.562144], [105.247077, -5.56214], [105.247078, -5.562135], [105.24708, -5.562131], [105.247082, -5.562127], [105.247085, -5.562124], [105.247088, -5.562121], [105.247092, -5.562118], [105.247124, -5.562101], [105.247145, -5.562085], [105.24716, -5.56207], [105.24717, -5.562049], [105.247175, -5.562028], [105.247186, -5.562012], [105.247204, -5.561993], [105.247218, -5.561979], [105.247232, -5.561958], [105.247236, -5.561942], [105.247235, -5.561928], [105.247231, -5.561915], [105.247227, -5.561892]]}}, {"type": "Feature", "properties": {}, "geometry": {"type": "LineString", "coordinates": [[105.241794, -5.552718], [105.241825, -5.552751], [105.241858, -5.552791], [105.241903, -5.552856], [105.241959, -5.55294], [105.24199, -5.552993], [105.242016, -5.553029], [105.24204, -5.553078], [105.242054, -5.553109], [105.242064, -5.553142], [105.242069, -5.553175], [105.242075, -5.55321], [105.242086, -5.553244], [105.242102, -5.553276], [105.242122, -5.553305], [105.242238, -5.553441], [105.242276, -5.553485], [105.242323, -5.553516], [105.242377, -5.553575], [105.242406, -5.553604], [105.242469, -5.553666], [105.242541, -5.553761], [105.242622, -5.553864], [105.242744, -5.554072], [105.242866, -5.554245], [105.242965, -5.554379], [105.242996, -5.554418], [105.243007, -5.554425], [105.243019, -5.55443], [105.243032, -5.554433], [105.243045, -5.554434], [105.243058, -5.554432], [105.243071, -5.554429], [105.243083, -5.554423], [105.243093, -5.554415], [105.243103, -5.554406], [105.243175, -5.554314], [105.243205, -5.554286], [105.243238, -5.554261], [105.243275, -5.554243], [105.243314, -5.554229], [105.243354, -5.554222], [105.243395, -5.554221], [105.243444, -5.554222], [105.243462, -5.554222], [105.24348, -5.554225], [105.243497, -5.554231], [105.243514, -5.55424], [105.243528, -5.554251], [105.243541, -5.554264], [105.243551, -5.55428], [105.243943, -5.554783], [105.244278, -5.555128], [105.244331, -5.555184], [105.244359, -5.555218], [105.244384, -5.555256], [105.244405, -5.555295], [105.244464, -5.5555], [105.244512, -5.555678], [105.244537, -5.555812], [105.244551, -5.555889], [105.244557, -5.555966], [105.244558, -5.556043], [105.244552, -5.55612], [105.244537, -5.556268], [105.244525, -5.556327], [105.244527, -5.556419], [105.24453, -5.556483], [105.244539, -5.556567], [105.24454, -5.556616], [105.244536, -5.556674], [105.244537, -5.556736], [105.244538, -5.55678], [105.24455, -5.55683], [105.244572, -5.556905], [105.244605, -5.556995], [105.244633, -5.557078], [105.244676, -5.557188], [105.244714, -5.557274], [105.244769, -5.557392], [105.244831, -5.557513], [105.244877, -5.557609], [105.244921, -5.557698], [105.244949, -5.557761], [105.244967, -5.557804], [105.244992, -5.557844], [105.245022, -5.55788], [105.245057, -5.557911], [105.245143, -5.557988], [105.245166, -5.55802], [105.245183, -5.558055], [105.245195, -5.558092], [105.245202, -5.558131], [105.245213, -5.558217], [105.245216, -5.558253], [105.245224, -5.558289], [105.245236, -5.558323], [105.245284, -5.558453], [105.245306, -5.558503], [105.245331, -5.558551], [105.24536, -5.558596], [105.245473, -5.558769], [105.245515, -5.55884], [105.245616, -5.558947], [105.245701, -5.559054], [105.245752, -5.559126], [105.245809, -5.559209], [105.245859, -5.559289], [105.24592, -5.559382], [105.245994, -5.559506], [105.246029, -5.559575], [105.24607, -5.559666], [105.246103, -5.559751], [105.246149, -5.559876], [105.246202, -5.559979], [105.246251, -5.560062], [105.246294, -5.560155], [105.246321, -5.560205], [105.246364, -5.560253], [105.246402, -5.56029], [105.246426, -5.560331], [105.246446, -5.560369], [105.246476, -5.560433], [105.246504, -5.560486], [105.24653, -5.560525], [105.246555, -5.560566], [105.246575, -5.560597], [105.246596, -5.560642], [105.246618, -5.560679], [105.246638, -5.560704], [105.246673, -5.560756], [105.246724, -5.560825], [105.246786, -5.560895], [105.24684, -5.560957], [105.246862, -5.560987], [105.24688, -5.561019], [105.246893, -5.561054], [105.246902, -5.561089], [105.246907, -5.561197], [105.246921, -5.561327], [105.246929, -5.561369], [105.24694, -5.56141], [105.246955, -5.561449], [105.247028, -5.561602], [105.247083, -5.561727], [105.247104, -5.561784], [105.247126, -5.561812], [105.247151, -5.561838], [105.24718, -5.56186], [105.247227, -5.561892], [105.247265, -5.561917], [105.247293, -5.561932], [105.247323, -5.561943], [105.247354, -5.56195], [105.247386, -5.561953], [105.24747, -5.561962], [105.247543, -5.561975], [105.247616, -5.561992], [105.247646, -5.562014], [105.247673, -5.56204], [105.247695, -5.562069], [105.247712, -5.562102], [105.24776, -5.562239], [105.247788, -5.562328], [105.247803, -5.562412], [105.247805, -5.562475], [105.247814, -5.562586], [105.247828, -5.562659], [105.24784, -5.562713], [105.24786, -5.56279], [105.24788, -5.562886], [105.247898, -5.562974], [105.247925, -5.563058], [105.247949, -5.563115], [105.247952, -5.563126], [105.247954, -5.563137], [105.247953, -5.563148], [105.247951, -5.563159], [105.247947, -5.56317], [105.247941, -5.56318], [105.247933, -5.563188], [105.247924, -5.563195], [105.247832, -5.563225], [105.247787, -5.563255], [105.24774, -5.563289], [105.247526, -5.563433], [105.247492, -5.563445], [105.247457, -5.563453], [105.247421, -5.563455], [105.247395, -5.563446], [105.24737, -5.563433], [105.247347, -5.563417], [105.247327, -5.563398], [105.247321, -5.563391]]}}, {"type": "Feature", "properties": {}, "geometry": {"type": "LineString", "coordinates": [[105.227001, -5.544997], [105.226986, -5.545047], [105.226946, -5.545228], [105.226945, -5.545253], [105.226946, -5.545279], [105.226952, -5.545304], [105.22696, -5.545328], [105.226996, -5.54545], [105.227058, -5.54561], [105.227088, -5.545662], [105.227099, -5.545713], [105.227105, -5.545765], [105.227106, -5.545818], [105.227102, -5.54587], [105.227092, -5.545922], [105.227063, -5.546009], [105.227027, -5.546137], [105.227012, -5.546207], [105.226961, -5.54635], [105.226936, -5.546416], [105.226914, -5.546458], [105.226847, -5.546633], [105.226765, -5.546763]]}}, {"type": "Feature", "properties": {}, "geometry": {"type": "LineString", "coordinates": [[105.24006, -5.554131], [105.240101, -5.554172], [105.240136, -5.554222], [105.240235, -5.554382], [105.240308, -5.554492], [105.24035, -5.554558], [105.240393, -5.55462], [105.240519, -5.55479], [105.24063, -5.554932], [105.240731, -5.555067], [105.240792, -5.555155], [105.240858, -5.555252], [105.240907, -5.555335], [105.240957, -5.555422], [105.241019, -5.555522], [105.241046, -5.555568], [105.241093, -5.555647], [105.241158, -5.555761], [105.241234, -5.555892], [105.241349, -5.556079], [105.241419, -5.556182], [105.24149, -5.556285], [105.241676, -5.556565], [105.24178, -5.556734], [105.241847, -5.556844], [105.241915, -5.556961], [105.241994, -5.557095], [105.242056, -5.557209], [105.242101, -5.557306], [105.242125, -5.557368], [105.242143, -5.557433], [105.242154, -5.557499], [105.242161, -5.557541], [105.242175, -5.557651], [105.242183, -5.557709], [105.242202, -5.557858], [105.242208, -5.557914], [105.242214, -5.557964], [105.242223, -5.558016], [105.24223, -5.558079], [105.242239, -5.558149], [105.242243, -5.558219], [105.242243, -5.558289], [105.242231, -5.558495], [105.242222, -5.558833], [105.242221, -5.558841], [105.24222, -5.55885], [105.242217, -5.558857], [105.242212, -5.558865], [105.242207, -5.558871], [105.242201, -5.558877], [105.242194, -5.558881], [105.242186, -5.558884], [105.242178, -5.558886], [105.242169, -5.558886], [105.242067, -5.558911], [105.242056, -5.558917], [105.242046, -5.558924], [105.242038, -5.558933], [105.242031, -5.558943], [105.242026, -5.558955], [105.242022, -5.558966], [105.242021, -5.558979], [105.242022, -5.558991], [105.242024, -5.559003], [105.242029, -5.559014], [105.242088, -5.559189], [105.242131, -5.559311], [105.242148, -5.559387], [105.242187, -5.559512], [105.242217, -5.559571], [105.242279, -5.559655], [105.242344, -5.559737], [105.242413, -5.559816], [105.242565, -5.559995], [105.242673, -5.560141], [105.24279, -5.560289], [105.242864, -5.560384], [105.242933, -5.560483], [105.242996, -5.560586], [105.243052, -5.560693], [105.243108, -5.56085], [105.243144, -5.56095], [105.243198, -5.561088], [105.243226, -5.561141], [105.243259, -5.561191], [105.243277, -5.561215]]}}, {"type": "Feature", "properties": {}, "geometry": {"type": "LineString", "coordinates": [[105.243356, -5.561316], [105.243374, -5.561343]]}}, {"type": "Feature", "properties": {}, "geometry": {"type": "LineString", "coordinates": [[105.243549, -5.561604], [105.243549, -5.561604], [105.243615, -5.5617]]}}, {"type": "Feature", "properties": {}, "geometry": {"type": "LineString", "coordinates": [[105.243637, -5.56173], [105.243637, -5.56173], [105.243691, -5.561804], [105.24376, -5.561885]]}}, {"type": "Feature", "properties": {}, "geometry": {"type": "LineString", "coordinates": [[105.244494, -5.548727], [105.244709, -5.548648], [105.244986, -5.548541], [105.24514, -5.548469], [105.245456, -5.548324], [105.246348, -5.547879], [105.246618, -5.547741], [105.246793, -5.547663], [105.246891, -5.547629], [105.246991, -5.547601], [105.247093, -5.547578], [105.247195, -5.54756], [105.247299, -5.547549], [105.247402, -5.547543], [105.247506, -5.547542], [105.24775, -5.547535], [105.248104, -5.547494], [105.248319, -5.547477], [105.248491, -5.547468], [105.248544, -5.547466], [105.248596, -5.547457], [105.248647, -5.547442], [105.248695, -5.547421], [105.248741, -5.547395], [105.248784, -5.547364], [105.248823, -5.547329], [105.248858, -5.547289]]}}, {"type": "Feature", "properties": {}, "geometry": {"type": "LineString", "coordinates": [[105.253733, -5.552323], [105.253702, -5.552397], [105.253685, -5.552526], [105.253654, -5.552672], [105.253611, -5.552802], [105.253561, -5.552936], [105.253504, -5.553096], [105.253454, -5.553209], [105.253356, -5.55329], [105.253284, -5.55336], [105.253152, -5.553446]]}}, {"type": "Feature", "properties": {}, "geometry": {"type": "LineString", "coordinates": [[105.224478, -5.544168], [105.224438, -5.544156], [105.224399, -5.54414], [105.224362, -5.544119], [105.224318, -5.544095], [105.224266, -5.544067], [105.224219, -5.544046], [105.224177, -5.544035], [105.22413, -5.544028], [105.22408, -5.544028], [105.22403, -5.544043], [105.224003, -5.544068], [105.223969, -5.544088], [105.223934, -5.544099], [105.223906, -5.544098], [105.223872, -5.544085], [105.223836, -5.544075], [105.223801, -5.544065], [105.22376, -5.544053], [105.223723, -5.544041], [105.223673, -5.544017], [105.223628, -5.543982], [105.223588, -5.543939], [105.223548, -5.54391], [105.223507, -5.543889], [105.223455, -5.543867], [105.223409, -5.543853], [105.223354, -5.54383], [105.223315, -5.543821], [105.223285, -5.543814], [105.223258, -5.543812], [105.223198, -5.543803], [105.223156, -5.543806], [105.223106, -5.543824], [105.223049, -5.54384], [105.222994, -5.543844], [105.222922, -5.543847], [105.222903, -5.543849], [105.222898, -5.543843], [105.222892, -5.543837], [105.222878, -5.543834], [105.222839, -5.54384], [105.222819, -5.543845], [105.222808, -5.543847], [105.222797, -5.543849], [105.222784, -5.543849], [105.222758, -5.543851], [105.222714, -5.543842], [105.222674, -5.543839], [105.222616, -5.543832], [105.222553, -5.543826], [105.222491, -5.543811], [105.22235, -5.543787], [105.222256, -5.543779], [105.222192, -5.543774], [105.222161, -5.543765], [105.22213, -5.543749], [105.222101, -5.543732], [105.222033, -5.543701], [105.221987, -5.54369], [105.221931, -5.543673], [105.221862, -5.543654], [105.22183, -5.543648], [105.221788, -5.543638], [105.221762, -5.543638], [105.221735, -5.543651], [105.221705, -5.543666], [105.221672, -5.543679], [105.221627, -5.543696], [105.221584, -5.543707], [105.221533, -5.543724], [105.221488, -5.543741], [105.22144, -5.543764], [105.22142, -5.543782], [105.221393, -5.543809], [105.221368, -5.543833], [105.221331, -5.543865], [105.22129, -5.543906], [105.22126, -5.543928], [105.221237, -5.543945], [105.220929, -5.544232], [105.220736, -5.544357], [105.220633, -5.544406], [105.220435, -5.544481], [105.22023, -5.544545], [105.220133, -5.544567], [105.220042, -5.544574], [105.219999, -5.544588], [105.219962, -5.544624], [105.219938, -5.544661], [105.219906, -5.544696], [105.219888, -5.54471]]}}]}