{"type": "FeatureCollection", "features": [{"type": "Feature", "properties": {"s": "tutupan"}, "geometry": {"type": "Point", "coordinates": [105.253398, -5.55262]}}, {"type": "Feature", "properties": {"s": "tutupan"}, "geometry": {"type": "Point", "coordinates": [105.253261, -5.552599]}}, {"type": "Feature", "properties": {"s": "kes"}, "geometry": {"type": "Point", "coordinates": [105.253087, -5.552416]}}, {"type": "Feature", "properties": {"s": "kes"}, "geometry": {"type": "Point", "coordinates": [105.252865, -5.552234]}}, {"type": "Feature", "properties": {"s": "tutupan"}, "geometry": {"type": "Point", "coordinates": [105.252739, -5.55211]}}, {"type": "Feature", "properties": {"s": "tutupan"}, "geometry": {"type": "Point", "coordinates": [105.253341, -5.552609]}}, {"type": "Feature", "properties": {"s": "tutupan"}, "geometry": {"type": "Point", "coordinates": [105.253184, -5.552563]}}, {"type": "Feature", "properties": {"s": "kes"}, "geometry": {"type": "Point", "coordinates": [105.253042, -5.552355]}}, {"type": "Feature", "properties": {"s": "tutupan"}, "geometry": {"type": "Point", "coordinates": [105.252802, -5.552188]}}, {"type": "Feature", "properties": {"s": "tutupan"}, "geometry": {"type": "Point", "coordinates": [105.252726, -5.552064]}}, {"type": "Feature", "properties": {"s": "layak", "t1": 14366, "t2": 10736}, "geometry": {"type": "Point", "coordinates": [105.224742, -5.543901]}}, {"type": "Feature", "properties": {"s": "layak", "t1": 14775, "t2": 10798}, "geometry": {"type": "Point", "coordinates": [105.224603, -5.543701]}}, {"type": "Feature", "properties": {"s": "layak", "t1": 15183, "t2": 10879}, "geometry": {"type": "Point", "coordinates": [105.224364, -5.543672]}}, {"type": "Feature", "properties": {"s": "layak", "t1": 15544, "t2": 10951}, "geometry": {"type": "Point", "coordinates": [105.224178, -5.543782]}}, {"type": "Feature", "properties": {"s": "layak", "t1": 15714, "t2": 10985}, "geometry": {"type": "Point", "coordinates": [105.224076, -5.543788]}}, {"type": "Feature", "properties": {"s": "layak", "t1": 26385, "t2": 10921}, "geometry": {"type": "Point", "coordinates": [105.23623, -5.553741]}}, {"type": "Feature", "properties": {"s": "tutupan"}, "geometry": {"type": "Point", "coordinates": [105.236604, -5.553627]}}, {"type": "Feature", "properties": {"s": "tutupan"}, "geometry": {"type": "Point", "coordinates": [105.237062, -5.55351]}}, {"type": "Feature", "properties": {"s": "tutupan"}, "geometry": {"type": "Point", "coordinates": [105.237476, -5.553412]}}, {"type": "Feature", "properties": {"s": "kes"}, "geometry": {"type": "Point", "coordinates": [105.23757, -5.553365]}}, {"type": "Feature", "properties": {"s": "kes"}, "geometry": {"type": "Point", "coordinates": [105.237564, -5.553319]}}, {"type": "Feature", "properties": {"s": "layak", "t1": 29480, "t2": 11115}, "geometry": {"type": "Point", "coordinates": [105.237371, -5.553044]}}, {"type": "Feature", "properties": {"s": "layak", "t1": 30113, "t2": 11154}, "geometry": {"type": "Point", "coordinates": [105.237176, -5.552744]}}, {"type": "Feature", "properties": {"s": "layak", "t1": 30851, "t2": 11200}, "geometry": {"type": "Point", "coordinates": [105.236965, -5.552384]}}, {"type": "Feature", "properties": {"s": "layak", "t1": 31610, "t2": 11248}, "geometry": {"type": "Point", "coordinates": [105.236747, -5.552015]}}, {"type": "Feature", "properties": {"s": "layak", "t1": 32224, "t2": 11286}, "geometry": {"type": "Point", "coordinates": [105.236606, -5.551702]}}, {"type": "Feature", "properties": {"s": "layak", "t1": 32690, "t2": 11315}, "geometry": {"type": "Point", "coordinates": [105.236621, -5.551439]}}, {"type": "Feature", "properties": {"s": "layak", "t1": 16275, "t2": 11180}, "geometry": {"type": "Point", "coordinates": [105.230751, -5.546425]}}, {"type": "Feature", "properties": {"s": "layak", "t1": 17087, "t2": 11282}, "geometry": {"type": "Point", "coordinates": [105.231165, -5.546236]}}, {"type": "Feature", "properties": {"s": "layak", "t1": 17743, "t2": 11364}, "geometry": {"type": "Point", "coordinates": [105.231534, -5.546215]}}, {"type": "Feature", "properties": {"s": "layak", "t1": 18294, "t2": 11432}, "geometry": {"type": "Point", "coordinates": [105.231837, -5.546155]}}, {"type": "Feature", "properties": {"s": "layak", "t1": 18993, "t2": 11520}, "geometry": {"type": "Point", "coordinates": [105.232221, -5.546191]}}, {"type": "Feature", "properties": {"s": "layak", "t1": 19640, "t2": 11601}, "geometry": {"type": "Point", "coordinates": [105.232563, -5.546307]}}, {"type": "Feature", "properties": {"s": "layak", "t1": 20154, "t2": 11650}, "geometry": {"type": "Point", "coordinates": [105.232855, -5.546365]}}, {"type": "Feature", "properties": {"s": "layak", "t1": 20954, "t2": 11677}, "geometry": {"type": "Point", "coordinates": [105.233293, -5.54656]}}, {"type": "Feature", "properties": {"s": "layak", "t1": 21213, "t2": 11677}, "geometry": {"type": "Point", "coordinates": [105.233438, -5.546615]}}, {"type": "Feature", "properties": {"s": "layak", "t1": 21275, "t2": 11677}, "geometry": {"type": "Point", "coordinates": [105.233478, -5.546605]}}, {"type": "Feature", "properties": {"s": "layak", "t1": 21457, "t2": 11677}, "geometry": {"type": "Point", "coordinates": [105.233552, -5.546514]}}, {"type": "Feature", "properties": {"s": "layak", "t1": 22169, "t2": 11677}, "geometry": {"type": "Point", "coordinates": [105.233859, -5.546216]}}, {"type": "Feature", "properties": {"s": "layak", "t1": 22895, "t2": 11677}, "geometry": {"type": "Point", "coordinates": [105.234182, -5.545926]}}, {"type": "Feature", "properties": {"s": "layak", "t1": 23681, "t2": 11677}, "geometry": {"type": "Point", "coordinates": [105.234609, -5.545725]}}, {"type": "Feature", "properties": {"s": "layak", "t1": 24330, "t2": 11677}, "geometry": {"type": "Point", "coordinates": [105.23491, -5.545485]}}, {"type": "Feature", "properties": {"s": "layak", "t1": 24858, "t2": 11677}, "geometry": {"type": "Point", "coordinates": [105.235189, -5.545346]}}, {"type": "Feature", "properties": {"s": "layak", "t1": 25576, "t2": 11677}, "geometry": {"type": "Point", "coordinates": [105.235567, -5.545141]}}, {"type": "Feature", "properties": {"s": "layak", "t1": 26138, "t2": 11677}, "geometry": {"type": "Point", "coordinates": [105.235803, -5.544898]}}, {"type": "Feature", "properties": {"s": "layak", "t1": 26788, "t2": 11677}, "geometry": {"type": "Point", "coordinates": [105.236088, -5.54463]}}, {"type": "Feature", "properties": {"s": "layak", "t1": 27187, "t2": 11677}, "geometry": {"type": "Point", "coordinates": [105.236281, -5.544506]}}, {"type": "Feature", "properties": {"s": "kes"}, "geometry": {"type": "Point", "coordinates": [105.237052, -5.544732]}}, {"type": "Feature", "properties": {"s": "kes"}, "geometry": {"type": "Point", "coordinates": [105.237366, -5.544839]}}, {"type": "Feature", "properties": {"s": "kes"}, "geometry": {"type": "Point", "coordinates": [105.237704, -5.545119]}}, {"type": "Feature", "properties": {"s": "kes"}, "geometry": {"type": "Point", "coordinates": [105.237832, -5.545506]}}, {"type": "Feature", "properties": {"s": "kes"}, "geometry": {"type": "Point", "coordinates": [105.238124, -5.545788]}}, {"type": "Feature", "properties": {"s": "kes"}, "geometry": {"type": "Point", "coordinates": [105.238482, -5.545927]}}, {"type": "Feature", "properties": {"s": "kes"}, "geometry": {"type": "Point", "coordinates": [105.23878, -5.546076]}}, {"type": "Feature", "properties": {"s": "kes"}, "geometry": {"type": "Point", "coordinates": [105.239094, -5.546093]}}, {"type": "Feature", "properties": {"s": "kes"}, "geometry": {"type": "Point", "coordinates": [105.23937, -5.546112]}}, {"type": "Feature", "properties": {"s": "kes"}, "geometry": {"type": "Point", "coordinates": [105.239627, -5.546086]}}, {"type": "Feature", "properties": {"s": "kes"}, "geometry": {"type": "Point", "coordinates": [105.239933, -5.545822]}}, {"type": "Feature", "properties": {"s": "kes"}, "geometry": {"type": "Point", "coordinates": [105.240113, -5.545564]}}, {"type": "Feature", "properties": {"s": "kes"}, "geometry": {"type": "Point", "coordinates": [105.24042, -5.545502]}}, {"type": "Feature", "properties": {"s": "dekat"}, "geometry": {"type": "Point", "coordinates": [105.240722, -5.545661]}}, {"type": "Feature", "properties": {"s": "dekat"}, "geometry": {"type": "Point", "coordinates": [105.240905, -5.545848]}}, {"type": "Feature", "properties": {"s": "dekat"}, "geometry": {"type": "Point", "coordinates": [105.241176, -5.545953]}}, {"type": "Feature", "properties": {"s": "dekat"}, "geometry": {"type": "Point", "coordinates": [105.241395, -5.546225]}}, {"type": "Feature", "properties": {"s": "dekat"}, "geometry": {"type": "Point", "coordinates": [105.241538, -5.546401]}}, {"type": "Feature", "properties": {"s": "dekat"}, "geometry": {"type": "Point", "coordinates": [105.241643, -5.546411]}}, {"type": "Feature", "properties": {"s": "dekat"}, "geometry": {"type": "Point", "coordinates": [105.241773, -5.546264]}}, {"type": "Feature", "properties": {"s": "dekat"}, "geometry": {"type": "Point", "coordinates": [105.241922, -5.546106]}}, {"type": "Feature", "properties": {"s": "dekat"}, "geometry": {"type": "Point", "coordinates": [105.242229, -5.546036]}}, {"type": "Feature", "properties": {"s": "dekat"}, "geometry": {"type": "Point", "coordinates": [105.242606, -5.5459]}}, {"type": "Feature", "properties": {"s": "tutupan"}, "geometry": {"type": "Point", "coordinates": [105.237548, -5.553395]}}, {"type": "Feature", "properties": {"s": "kes"}, "geometry": {"type": "Point", "coordinates": [105.23793, -5.553312]}}, {"type": "Feature", "properties": {"s": "kes"}, "geometry": {"type": "Point", "coordinates": [105.238396, -5.553282]}}, {"type": "Feature", "properties": {"s": "kes"}, "geometry": {"type": "Point", "coordinates": [105.238842, -5.553269]}}, {"type": "Feature", "properties": {"s": "kes"}, "geometry": {"type": "Point", "coordinates": [105.239267, -5.553298]}}, {"type": "Feature", "properties": {"s": "tutupan"}, "geometry": {"type": "Point", "coordinates": [105.239523, -5.553426]}}, {"type": "Feature", "properties": {"s": "kes"}, "geometry": {"type": "Point", "coordinates": [105.239878, -5.553659]}}, {"type": "Feature", "properties": {"s": "dekat"}, "geometry": {"type": "Point", "coordinates": [105.240119, -5.553938]}}, {"type": "Feature", "properties": {"s": "layak", "t1": 14226, "t2": 10699}, "geometry": {"type": "Point", "coordinates": [105.224641, -5.544157]}}, {"type": "Feature", "properties": {"s": "layak", "t1": 13883, "t2": 10775}, "geometry": {"type": "Point", "coordinates": [105.224952, -5.544138]}}, {"type": "Feature", "properties": {"s": "layak", "t1": 13446, "t2": 10920}, "geometry": {"type": "Point", "coordinates": [105.225337, -5.544346]}}, {"type": "Feature", "properties": {"s": "layak", "t1": 12976, "t2": 11077}, "geometry": {"type": "Point", "coordinates": [105.225781, -5.544501]}}, {"type": "Feature", "properties": {"s": "layak", "t1": 12568, "t2": 11213}, "geometry": {"type": "Point", "coordinates": [105.226156, -5.544664]}}, {"type": "Feature", "properties": {"s": "layak", "t1": 12087, "t2": 11277}, "geometry": {"type": "Point", "coordinates": [105.226603, -5.544847]}}, {"type": "Feature", "properties": {"s": "layak", "t1": 11731, "t2": 11298}, "geometry": {"type": "Point", "coordinates": [105.227001, -5.544997]}}, {"type": "Feature", "properties": {"s": "layak", "t1": 11685, "t2": 11618}, "geometry": {"type": "Point", "coordinates": [105.227391, -5.545129]}}, {"type": "Feature", "properties": {"s": "layak", "t1": 11717, "t2": 11394}, "geometry": {"type": "Point", "coordinates": [105.227734, -5.545402]}}, {"type": "Feature", "properties": {"s": "layak", "t1": 11720, "t2": 11035}, "geometry": {"type": "Point", "coordinates": [105.228018, -5.545697]}}, {"type": "Feature", "properties": {"s": "layak", "t1": 11792, "t2": 10645}, "geometry": {"type": "Point", "coordinates": [105.228422, -5.546025]}}, {"type": "Feature", "properties": {"s": "layak", "t1": 11896, "t2": 10335}, "geometry": {"type": "Point", "coordinates": [105.228723, -5.546382]}}, {"type": "Feature", "properties": {"s": "layak", "t1": 11995, "t2": 10006}, "geometry": {"type": "Point", "coordinates": [105.229023, -5.546717]}}, {"type": "Feature", "properties": {"s": "layak", "t1": 12275, "t2": 9908}, "geometry": {"type": "Point", "coordinates": [105.229273, -5.547002]}}, {"type": "Feature", "properties": {"s": "layak", "t1": 12771, "t2": 10032}, "geometry": {"type": "Point", "coordinates": [105.229566, -5.547228]}}, {"type": "Feature", "properties": {"s": "layak", "t1": 13468, "t2": 10207}, "geometry": {"type": "Point", "coordinates": [105.230042, -5.547448]}}, {"type": "Feature", "properties": {"s": "layak", "t1": 14035, "t2": 10348}, "geometry": {"type": "Point", "coordinates": [105.230419, -5.547648]}}, {"type": "Feature", "properties": {"s": "layak", "t1": 14642, "t2": 10515}, "geometry": {"type": "Point", "coordinates": [105.230692, -5.547994]}}, {"type": "Feature", "properties": {"s": "layak", "t1": 15150, "t2": 10697}, "geometry": {"type": "Point", "coordinates": [105.230887, -5.548255]}}, {"type": "Feature", "properties": {"s": "layak", "t1": 15496, "t2": 10776}, "geometry": {"type": "Point", "coordinates": [105.231024, -5.548429]}}, {"type": "Feature", "properties": {"s": "layak", "t1": 16075, "t2": 10776}, "geometry": {"type": "Point", "coordinates": [105.231087, -5.548796]}}, {"type": "Feature", "properties": {"s": "layak", "t1": 16587, "t2": 10776}, "geometry": {"type": "Point", "coordinates": [105.23115, -5.54912]}}, {"type": "Feature", "properties": {"s": "layak", "t1": 17212, "t2": 10776}, "geometry": {"type": "Point", "coordinates": [105.231317, -5.549484]}}, {"type": "Feature", "properties": {"s": "layak", "t1": 17743, "t2": 10776}, "geometry": {"type": "Point", "coordinates": [105.231561, -5.54972]}}, {"type": "Feature", "properties": {"s": "layak", "t1": 18457, "t2": 10776}, "geometry": {"type": "Point", "coordinates": [105.23192, -5.550009]}}, {"type": "Feature", "properties": {"s": "layak", "t1": 19001, "t2": 10776}, "geometry": {"type": "Point", "coordinates": [105.232275, -5.550181]}}, {"type": "Feature", "properties": {"s": "layak", "t1": 19554, "t2": 10776}, "geometry": {"type": "Point", "coordinates": [105.23266, -5.550373]}}, {"type": "Feature", "properties": {"s": "layak", "t1": 20002, "t2": 10776}, "geometry": {"type": "Point", "coordinates": [105.233082, -5.550641]}}, {"type": "Feature", "properties": {"s": "layak", "t1": 20265, "t2": 10776}, "geometry": {"type": "Point", "coordinates": [105.23331, -5.550828]}}, {"type": "Feature", "properties": {"s": "layak", "t1": 20481, "t2": 10758}, "geometry": {"type": "Point", "coordinates": [105.2335, -5.550979]}}, {"type": "Feature", "properties": {"s": "layak", "t1": 20813, "t2": 10695}, "geometry": {"type": "Point", "coordinates": [105.233901, -5.55113]}}, {"type": "Feature", "properties": {"s": "layak", "t1": 21044, "t2": 10618}, "geometry": {"type": "Point", "coordinates": [105.234237, -5.551217]}}, {"type": "Feature", "properties": {"s": "layak", "t1": 21158, "t2": 10568}, "geometry": {"type": "Point", "coordinates": [105.234464, -5.551236]}}, {"type": "Feature", "properties": {"s": "layak", "t1": 21458, "t2": 10533}, "geometry": {"type": "Point", "coordinates": [105.234695, -5.551431]}}, {"type": "Feature", "properties": {"s": "layak", "t1": 22283, "t2": 10636}, "geometry": {"type": "Point", "coordinates": [105.23497, -5.551806]}}, {"type": "Feature", "properties": {"s": "layak", "t1": 23128, "t2": 10718}, "geometry": {"type": "Point", "coordinates": [105.235271, -5.552177]}}, {"type": "Feature", "properties": {"s": "layak", "t1": 23976, "t2": 10771}, "geometry": {"type": "Point", "coordinates": [105.235554, -5.552563]}}, {"type": "Feature", "properties": {"s": "layak", "t1": 24780, "t2": 10821}, "geometry": {"type": "Point", "coordinates": [105.235816, -5.552934]}}, {"type": "Feature", "properties": {"s": "layak", "t1": 25633, "t2": 10874}, "geometry": {"type": "Point", "coordinates": [105.236036, -5.553363]}}, {"type": "Feature", "properties": {"s": "layak", "t1": 26385, "t2": 10921}, "geometry": {"type": "Point", "coordinates": [105.23623, -5.553741]}}, {"type": "Feature", "properties": {"s": "tutupan"}, "geometry": {"type": "Point", "coordinates": [105.236411, -5.554085]}}, {"type": "Feature", "properties": {"s": "layak", "t1": 21267, "t2": 10533}, "geometry": {"type": "Point", "coordinates": [105.234582, -5.55137]}}, {"type": "Feature", "properties": {"s": "layak", "t1": 21450, "t2": 10533}, "geometry": {"type": "Point", "coordinates": [105.234246, -5.551445]}}, {"type": "Feature", "properties": {"s": "layak", "t1": 21760, "t2": 10478}, "geometry": {"type": "Point", "coordinates": [105.233791, -5.55155]}}, {"type": "Feature", "properties": {"s": "layak", "t1": 21362, "t2": 10376}, "geometry": {"type": "Point", "coordinates": [105.233367, -5.551732]}}, {"type": "Feature", "properties": {"s": "layak", "t1": 20794, "t2": 10281}, "geometry": {"type": "Point", "coordinates": [105.232977, -5.551907]}}, {"type": "Feature", "properties": {"s": "layak", "t1": 20196, "t2": 10181}, "geometry": {"type": "Point", "coordinates": [105.232567, -5.552092]}}, {"type": "Feature", "properties": {"s": "layak", "t1": 19572, "t2": 10077}, "geometry": {"type": "Point", "coordinates": [105.232176, -5.552352]}}, {"type": "Feature", "properties": {"s": "kes"}, "geometry": {"type": "Point", "coordinates": [105.245328, -5.54929]}}, {"type": "Feature", "properties": {"s": "kes"}, "geometry": {"type": "Point", "coordinates": [105.245687, -5.549035]}}, {"type": "Feature", "properties": {"s": "kes"}, "geometry": {"type": "Point", "coordinates": [105.246061, -5.548763]}}, {"type": "Feature", "properties": {"s": "dekat"}, "geometry": {"type": "Point", "coordinates": [105.246201, -5.548457]}}, {"type": "Feature", "properties": {"s": "dekat"}, "geometry": {"type": "Point", "coordinates": [105.245988, -5.548059]}}, {"type": "Feature", "properties": {"s": "layak", "t1": 12030, "t2": 11366}, "geometry": {"type": "Point", "coordinates": [105.226945, -5.545253]}}, {"type": "Feature", "properties": {"s": "layak", "t1": 12382, "t2": 11447}, "geometry": {"type": "Point", "coordinates": [105.227027, -5.54553]}}, {"type": "Feature", "properties": {"s": "layak", "t1": 12750, "t2": 11380}, "geometry": {"type": "Point", "coordinates": [105.227106, -5.545818]}}, {"type": "Feature", "properties": {"s": "layak", "t1": 13254, "t2": 11307}, "geometry": {"type": "Point", "coordinates": [105.227012, -5.546207]}}, {"type": "Feature", "properties": {"s": "layak", "t1": 13777, "t2": 11307}, "geometry": {"type": "Point", "coordinates": [105.22688, -5.546545]}}, {"type": "Feature", "properties": {"s": "dekat"}, "geometry": {"type": "Point", "coordinates": [105.240101, -5.554172]}}, {"type": "Feature", "properties": {"s": "dekat"}, "geometry": {"type": "Point", "coordinates": [105.24035, -5.554558]}}, {"type": "Feature", "properties": {"s": "dekat"}, "geometry": {"type": "Point", "coordinates": [105.24063, -5.554932]}}, {"type": "Feature", "properties": {"s": "dekat"}, "geometry": {"type": "Point", "coordinates": [105.240907, -5.555335]}}, {"type": "Feature", "properties": {"s": "layak", "t1": 37644, "t2": 11625}, "geometry": {"type": "Point", "coordinates": [105.241158, -5.555761]}}, {"type": "Feature", "properties": {"s": "layak", "t1": 38476, "t2": 11677}, "geometry": {"type": "Point", "coordinates": [105.241419, -5.556182]}}, {"type": "Feature", "properties": {"s": "layak", "t1": 38476, "t2": 11677}, "geometry": {"type": "Point", "coordinates": [105.241676, -5.556565]}}, {"type": "Feature", "properties": {"s": "layak", "t1": 38476, "t2": 11677}, "geometry": {"type": "Point", "coordinates": [105.241954, -5.557028]}}, {"type": "Feature", "properties": {"s": "layak", "t1": 38476, "t2": 11677}, "geometry": {"type": "Point", "coordinates": [105.242143, -5.557433]}}, {"type": "Feature", "properties": {"s": "layak", "t1": 38476, "t2": 11677}, "geometry": {"type": "Point", "coordinates": [105.242192, -5.557784]}}, {"type": "Feature", "properties": {"s": "layak", "t1": 38476, "t2": 11677}, "geometry": {"type": "Point", "coordinates": [105.24223, -5.558079]}}, {"type": "Feature", "properties": {"s": "layak", "t1": 38476, "t2": 11677}, "geometry": {"type": "Point", "coordinates": [105.242231, -5.558495]}}, {"type": "Feature", "properties": {"s": "layak", "t1": 38476, "t2": 11677}, "geometry": {"type": "Point", "coordinates": [105.242221, -5.558841]}}, {"type": "Feature", "properties": {"s": "layak", "t1": 38476, "t2": 11677}, "geometry": {"type": "Point", "coordinates": [105.242201, -5.558877]}}, {"type": "Feature", "properties": {"s": "layak", "t1": 38476, "t2": 11677}, "geometry": {"type": "Point", "coordinates": [105.242067, -5.558911]}}, {"type": "Feature", "properties": {"s": "layak", "t1": 38476, "t2": 11677}, "geometry": {"type": "Point", "coordinates": [105.242026, -5.558955]}}, {"type": "Feature", "properties": {"s": "layak", "t1": 38476, "t2": 11677}, "geometry": {"type": "Point", "coordinates": [105.242029, -5.559014]}}, {"type": "Feature", "properties": {"s": "tutupan"}, "geometry": {"type": "Point", "coordinates": [105.242187, -5.559512]}}, {"type": "Feature", "properties": {"s": "tutupan"}, "geometry": {"type": "Point", "coordinates": [105.242463, -5.559876]}}, {"type": "Feature", "properties": {"s": "tutupan"}, "geometry": {"type": "Point", "coordinates": [105.242731, -5.560215]}}, {"type": "Feature", "properties": {"s": "tutupan"}, "geometry": {"type": "Point", "coordinates": [105.243052, -5.560693]}}, {"type": "Feature", "properties": {"s": "kes"}, "geometry": {"type": "Point", "coordinates": [105.243198, -5.561088]}}, {"type": "Feature", "properties": {"s": "dekat"}, "geometry": {"type": "Point", "coordinates": [105.24491, -5.553494]}}, {"type": "Feature", "properties": {"s": "layak", "t1": 38027, "t2": 11228}, "geometry": {"type": "Point", "coordinates": [105.245398, -5.55334]}}, {"type": "Feature", "properties": {"s": "layak", "t1": 14890, "t2": 9137}, "geometry": {"type": "Point", "coordinates": [105.230428, -5.549697]}}, {"type": "Feature", "properties": {"s": "layak", "t1": 15677, "t2": 9432}, "geometry": {"type": "Point", "coordinates": [105.230823, -5.549495]}}, {"type": "Feature", "properties": {"s": "layak", "t1": 38476, "t2": 11677}, "geometry": {"type": "Point", "coordinates": [105.241512, -5.542966]}}, {"type": "Feature", "properties": {"s": "dekat"}, "geometry": {"type": "Point", "coordinates": [105.241609, -5.543377]}}, {"type": "Feature", "properties": {"s": "dekat"}, "geometry": {"type": "Point", "coordinates": [105.241851, -5.543763]}}, {"type": "Feature", "properties": {"s": "dekat"}, "geometry": {"type": "Point", "coordinates": [105.242177, -5.544025]}}, {"type": "Feature", "properties": {"s": "dekat"}, "geometry": {"type": "Point", "coordinates": [105.242522, -5.544373]}}, {"type": "Feature", "properties": {"s": "dekat"}, "geometry": {"type": "Point", "coordinates": [105.242681, -5.544741]}}, {"type": "Feature", "properties": {"s": "dekat"}, "geometry": {"type": "Point", "coordinates": [105.242752, -5.545233]}}, {"type": "Feature", "properties": {"s": "dekat"}, "geometry": {"type": "Point", "coordinates": [105.242797, -5.545752]}}, {"type": "Feature", "properties": {"s": "dekat"}, "geometry": {"type": "Point", "coordinates": [105.242887, -5.546109]}}, {"type": "Feature", "properties": {"s": "dekat"}, "geometry": {"type": "Point", "coordinates": [105.243146, -5.546557]}}, {"type": "Feature", "properties": {"s": "dekat"}, "geometry": {"type": "Point", "coordinates": [105.243491, -5.546832]}}, {"type": "Feature", "properties": {"s": "dekat"}, "geometry": {"type": "Point", "coordinates": [105.243814, -5.547088]}}, {"type": "Feature", "properties": {"s": "tutupan"}, "geometry": {"type": "Point", "coordinates": [105.24414, -5.547519]}}, {"type": "Feature", "properties": {"s": "dekat"}, "geometry": {"type": "Point", "coordinates": [105.244293, -5.547823]}}, {"type": "Feature", "properties": {"s": "tutupan"}, "geometry": {"type": "Point", "coordinates": [105.244351, -5.548234]}}, {"type": "Feature", "properties": {"s": "dekat"}, "geometry": {"type": "Point", "coordinates": [105.244485, -5.5487]}}, {"type": "Feature", "properties": {"s": "dekat"}, "geometry": {"type": "Point", "coordinates": [105.244609, -5.549133]}}, {"type": "Feature", "properties": {"s": "dekat"}, "geometry": {"type": "Point", "coordinates": [105.244612, -5.549516]}}, {"type": "Feature", "properties": {"s": "dekat"}, "geometry": {"type": "Point", "coordinates": [105.244477, -5.549881]}}, {"type": "Feature", "properties": {"s": "dekat"}, "geometry": {"type": "Point", "coordinates": [105.244352, -5.550253]}}, {"type": "Feature", "properties": {"s": "dekat"}, "geometry": {"type": "Point", "coordinates": [105.244254, -5.550637]}}, {"type": "Feature", "properties": {"s": "dekat"}, "geometry": {"type": "Point", "coordinates": [105.244006, -5.550982]}}, {"type": "Feature", "properties": {"s": "dekat"}, "geometry": {"type": "Point", "coordinates": [105.243658, -5.55132]}}, {"type": "Feature", "properties": {"s": "dekat"}, "geometry": {"type": "Point", "coordinates": [105.24335, -5.551639]}}, {"type": "Feature", "properties": {"s": "dekat"}, "geometry": {"type": "Point", "coordinates": [105.243004, -5.551941]}}, {"type": "Feature", "properties": {"s": "dekat"}, "geometry": {"type": "Point", "coordinates": [105.242628, -5.552202]}}, {"type": "Feature", "properties": {"s": "dekat"}, "geometry": {"type": "Point", "coordinates": [105.242162, -5.552483]}}, {"type": "Feature", "properties": {"s": "dekat"}, "geometry": {"type": "Point", "coordinates": [105.241723, -5.552778]}}, {"type": "Feature", "properties": {"s": "dekat"}, "geometry": {"type": "Point", "coordinates": [105.241278, -5.5531]}}, {"type": "Feature", "properties": {"s": "dekat"}, "geometry": {"type": "Point", "coordinates": [105.240802, -5.553323]}}, {"type": "Feature", "properties": {"s": "dekat"}, "geometry": {"type": "Point", "coordinates": [105.240459, -5.553651]}}, {"type": "Feature", "properties": {"s": "dekat"}, "geometry": {"type": "Point", "coordinates": [105.24014, -5.554043]}}, {"type": "Feature", "properties": {"s": "dekat"}, "geometry": {"type": "Point", "coordinates": [105.239968, -5.554242]}}, {"type": "Feature", "properties": {"s": "layak", "t1": 38476, "t2": 11677}, "geometry": {"type": "Point", "coordinates": [105.253535, -5.552653]}}, {"type": "Feature", "properties": {"s": "tutupan"}, "geometry": {"type": "Point", "coordinates": [105.253215, -5.552633]}}, {"type": "Feature", "properties": {"s": "dekat"}, "geometry": {"type": "Point", "coordinates": [105.244707, -5.549447]}}, {"type": "Feature", "properties": {"s": "dekat"}, "geometry": {"type": "Point", "coordinates": [105.245063, -5.549406]}}, {"type": "Feature", "properties": {"s": "layak", "t1": 13962, "t2": 10347}, "geometry": {"type": "Point", "coordinates": [105.230343, -5.547494]}}, {"type": "Feature", "properties": {"s": "layak", "t1": 14647, "t2": 10646}, "geometry": {"type": "Point", "coordinates": [105.230212, -5.54713]}}, {"type": "Feature", "properties": {"s": "layak", "t1": 15009, "t2": 10805}, "geometry": {"type": "Point", "coordinates": [105.230267, -5.546935]}}, {"type": "Feature", "properties": {"s": "tutupan"}, "geometry": {"type": "Point", "coordinates": [105.236929, -5.553546]}}, {"type": "Feature", "properties": {"s": "layak", "t1": 28347, "t2": 11044}, "geometry": {"type": "Point", "coordinates": [105.236725, -5.553158]}}, {"type": "Feature", "properties": {"s": "layak", "t1": 29151, "t2": 11094}, "geometry": {"type": "Point", "coordinates": [105.236494, -5.552767]}}, {"type": "Feature", "properties": {"s": "layak", "t1": 13962, "t2": 10347}, "geometry": {"type": "Point", "coordinates": [105.230343, -5.547494]}}, {"type": "Feature", "properties": {"s": "layak", "t1": 14647, "t2": 10646}, "geometry": {"type": "Point", "coordinates": [105.230212, -5.54713]}}, {"type": "Feature", "properties": {"s": "layak", "t1": 15009, "t2": 10805}, "geometry": {"type": "Point", "coordinates": [105.230267, -5.546935]}}, {"type": "Feature", "properties": {"s": "layak", "t1": 26385, "t2": 10921}, "geometry": {"type": "Point", "coordinates": [105.23623, -5.553741]}}, {"type": "Feature", "properties": {"s": "tutupan"}, "geometry": {"type": "Point", "coordinates": [105.236604, -5.553627]}}, {"type": "Feature", "properties": {"s": "tutupan"}, "geometry": {"type": "Point", "coordinates": [105.237062, -5.55351]}}, {"type": "Feature", "properties": {"s": "tutupan"}, "geometry": {"type": "Point", "coordinates": [105.237476, -5.553412]}}, {"type": "Feature", "properties": {"s": "kes"}, "geometry": {"type": "Point", "coordinates": [105.23757, -5.553365]}}, {"type": "Feature", "properties": {"s": "kes"}, "geometry": {"type": "Point", "coordinates": [105.237564, -5.553319]}}, {"type": "Feature", "properties": {"s": "layak", "t1": 29480, "t2": 11115}, "geometry": {"type": "Point", "coordinates": [105.237371, -5.553044]}}, {"type": "Feature", "properties": {"s": "layak", "t1": 30113, "t2": 11154}, "geometry": {"type": "Point", "coordinates": [105.237176, -5.552744]}}, {"type": "Feature", "properties": {"s": "layak", "t1": 30851, "t2": 11200}, "geometry": {"type": "Point", "coordinates": [105.236965, -5.552384]}}, {"type": "Feature", "properties": {"s": "layak", "t1": 31610, "t2": 11248}, "geometry": {"type": "Point", "coordinates": [105.236747, -5.552015]}}, {"type": "Feature", "properties": {"s": "layak", "t1": 32224, "t2": 11286}, "geometry": {"type": "Point", "coordinates": [105.236606, -5.551702]}}, {"type": "Feature", "properties": {"s": "kes"}, "geometry": {"type": "Point", "coordinates": [105.230588, -5.546532]}}, {"type": "Feature", "properties": {"s": "layak", "t1": 16766, "t2": 11241}, "geometry": {"type": "Point", "coordinates": [105.230993, -5.54629]}}, {"type": "Feature", "properties": {"s": "layak", "t1": 17545, "t2": 11339}, "geometry": {"type": "Point", "coordinates": [105.231423, -5.546228]}}, {"type": "Feature", "properties": {"s": "layak", "t1": 17959, "t2": 11391}, "geometry": {"type": "Point", "coordinates": [105.231655, -5.546206]}}, {"type": "Feature", "properties": {"s": "layak", "t1": 18764, "t2": 11491}, "geometry": {"type": "Point", "coordinates": [105.232099, -5.546148]}}, {"type": "Feature", "properties": {"s": "layak", "t1": 19385, "t2": 11569}, "geometry": {"type": "Point", "coordinates": [105.232421, -5.546285]}}, {"type": "Feature", "properties": {"s": "layak", "t1": 19943, "t2": 11636}, "geometry": {"type": "Point", "coordinates": [105.232733, -5.546328]}}, {"type": "Feature", "properties": {"s": "layak", "t1": 20597, "t2": 11677}, "geometry": {"type": "Point", "coordinates": [105.233106, -5.546453]}}, {"type": "Feature", "properties": {"s": "layak", "t1": 21148, "t2": 11677}, "geometry": {"type": "Point", "coordinates": [105.233401, -5.546603]}}, {"type": "Feature", "properties": {"s": "layak", "t1": 21252, "t2": 11677}, "geometry": {"type": "Point", "coordinates": [105.233463, -5.546613]}}, {"type": "Feature", "properties": {"s": "layak", "t1": 21302, "t2": 11677}, "geometry": {"type": "Point", "coordinates": [105.233492, -5.546585]}}, {"type": "Feature", "properties": {"s": "layak", "t1": 21830, "t2": 11677}, "geometry": {"type": "Point", "coordinates": [105.233706, -5.546351]}}, {"type": "Feature", "properties": {"s": "layak", "t1": 22659, "t2": 11677}, "geometry": {"type": "Point", "coordinates": [105.234064, -5.546005]}}, {"type": "Feature", "properties": {"s": "layak", "t1": 23390, "t2": 11677}, "geometry": {"type": "Point", "coordinates": [105.234457, -5.545812]}}, {"type": "Feature", "properties": {"s": "layak", "t1": 24102, "t2": 11677}, "geometry": {"type": "Point", "coordinates": [105.234821, -5.54559]}}, {"type": "Feature", "properties": {"s": "layak", "t1": 24618, "t2": 11677}, "geometry": {"type": "Point", "coordinates": [105.23505, -5.545385]}}, {"type": "Feature", "properties": {"s": "layak", "t1": 25386, "t2": 11677}, "geometry": {"type": "Point", "coordinates": [105.235474, -5.545208]}}, {"type": "Feature", "properties": {"s": "layak", "t1": 25990, "t2": 11677}, "geometry": {"type": "Point", "coordinates": [105.235741, -5.544962]}}, {"type": "Feature", "properties": {"s": "layak", "t1": 26563, "t2": 11677}, "geometry": {"type": "Point", "coordinates": [105.235994, -5.544728]}}, {"type": "Feature", "properties": {"s": "layak", "t1": 27094, "t2": 11677}, "geometry": {"type": "Point", "coordinates": [105.236225, -5.544507]}}, {"type": "Feature", "properties": {"s": "kes"}, "geometry": {"type": "Point", "coordinates": [105.236968, -5.544643]}}, {"type": "Feature", "properties": {"s": "kes"}, "geometry": {"type": "Point", "coordinates": [105.23716, -5.544808]}}, {"type": "Feature", "properties": {"s": "kes"}, "geometry": {"type": "Point", "coordinates": [105.237577, -5.544957]}}, {"type": "Feature", "properties": {"s": "kes"}, "geometry": {"type": "Point", "coordinates": [105.237777, -5.545379]}}, {"type": "Feature", "properties": {"s": "kes"}, "geometry": {"type": "Point", "coordinates": [105.238002, -5.545695]}}, {"type": "Feature", "properties": {"s": "kes"}, "geometry": {"type": "Point", "coordinates": [105.238344, -5.545908]}}, {"type": "Feature", "properties": {"s": "kes"}, "geometry": {"type": "Point", "coordinates": [105.238634, -5.54604]}}, {"type": "Feature", "properties": {"s": "kes"}, "geometry": {"type": "Point", "coordinates": [105.23899, -5.54606]}}, {"type": "Feature", "properties": {"s": "kes"}, "geometry": {"type": "Point", "coordinates": [105.239242, -5.546122]}}, {"type": "Feature", "properties": {"s": "kes"}, "geometry": {"type": "Point", "coordinates": [105.239534, -5.546122]}}, {"type": "Feature", "properties": {"s": "kes"}, "geometry": {"type": "Point", "coordinates": [105.239815, -5.545938]}}, {"type": "Feature", "properties": {"s": "kes"}, "geometry": {"type": "Point", "coordinates": [105.240021, -5.545644]}}, {"type": "Feature", "properties": {"s": "kes"}, "geometry": {"type": "Point", "coordinates": [105.240266, -5.545506]}}, {"type": "Feature", "properties": {"s": "kes"}, "geometry": {"type": "Point", "coordinates": [105.240613, -5.545546]}}, {"type": "Feature", "properties": {"s": "dekat"}, "geometry": {"type": "Point", "coordinates": [105.240814, -5.545752]}}, {"type": "Feature", "properties": {"s": "dekat"}, "geometry": {"type": "Point", "coordinates": [105.241067, -5.54591]}}, {"type": "Feature", "properties": {"s": "dekat"}, "geometry": {"type": "Point", "coordinates": [105.241304, -5.546092]}}, {"type": "Feature", "properties": {"s": "dekat"}, "geometry": {"type": "Point", "coordinates": [105.241505, -5.546374]}}, {"type": "Feature", "properties": {"s": "dekat"}, "geometry": {"type": "Point", "coordinates": [105.2416, -5.546418]}}, {"type": "Feature", "properties": {"s": "dekat"}, "geometry": {"type": "Point", "coordinates": [105.241696, -5.546375]}}, {"type": "Feature", "properties": {"s": "dekat"}, "geometry": {"type": "Point", "coordinates": [105.241871, -5.546134]}}, {"type": "Feature", "properties": {"s": "dekat"}, "geometry": {"type": "Point", "coordinates": [105.242063, -5.546075]}}, {"type": "Feature", "properties": {"s": "dekat"}, "geometry": {"type": "Point", "coordinates": [105.242477, -5.545957]}}, {"type": "Feature", "properties": {"s": "dekat"}, "geometry": {"type": "Point", "coordinates": [105.242771, -5.54578]}}, {"type": "Feature", "properties": {"s": "dekat"}, "geometry": {"type": "Point", "coordinates": [105.244709, -5.548648]}}, {"type": "Feature", "properties": {"s": "dekat"}, "geometry": {"type": "Point", "coordinates": [105.24514, -5.548469]}}, {"type": "Feature", "properties": {"s": "dekat"}, "geometry": {"type": "Point", "coordinates": [105.245537, -5.548284]}}, {"type": "Feature", "properties": {"s": "dekat"}, "geometry": {"type": "Point", "coordinates": [105.245943, -5.548081]}}, {"type": "Feature", "properties": {"s": "dekat"}, "geometry": {"type": "Point", "coordinates": [105.246348, -5.547879]}}, {"type": "Feature", "properties": {"s": "tutupan"}, "geometry": {"type": "Point", "coordinates": [105.246793, -5.547663]}}, {"type": "Feature", "properties": {"s": "tutupan"}, "geometry": {"type": "Point", "coordinates": [105.247299, -5.547549]}}, {"type": "Feature", "properties": {"s": "layak", "t1": 38476, "t2": 11677}, "geometry": {"type": "Point", "coordinates": [105.24775, -5.547535]}}, {"type": "Feature", "properties": {"s": "layak", "t1": 38476, "t2": 11677}, "geometry": {"type": "Point", "coordinates": [105.248212, -5.547486]}}, {"type": "Feature", "properties": {"s": "layak", "t1": 38476, "t2": 11677}, "geometry": {"type": "Point", "coordinates": [105.248596, -5.547457]}}, {"type": "Feature", "properties": {"s": "layak", "t1": 38476, "t2": 11677}, "geometry": {"type": "Point", "coordinates": [105.248823, -5.547329]}}, {"type": "Feature", "properties": {"s": "kes"}, "geometry": {"type": "Point", "coordinates": [105.247284, -5.563333]}}, {"type": "Feature", "properties": {"s": "kes"}, "geometry": {"type": "Point", "coordinates": [105.247217, -5.563191]}}, {"type": "Feature", "properties": {"s": "kes"}, "geometry": {"type": "Point", "coordinates": [105.247177, -5.563101]}}, {"type": "Feature", "properties": {"s": "tutupan"}, "geometry": {"type": "Point", "coordinates": [105.247085, -5.562984]}}, {"type": "Feature", "properties": {"s": "kes"}, "geometry": {"type": "Point", "coordinates": [105.246959, -5.562814]}}, {"type": "Feature", "properties": {"s": "kes"}, "geometry": {"type": "Point", "coordinates": [105.246942, -5.562727]}}, {"type": "Feature", "properties": {"s": "kes"}, "geometry": {"type": "Point", "coordinates": [105.247147, -5.562529]}}, {"type": "Feature", "properties": {"s": "kes"}, "geometry": {"type": "Point", "coordinates": [105.247246, -5.562414]}}, {"type": "Feature", "properties": {"s": "kes"}, "geometry": {"type": "Point", "coordinates": [105.247242, -5.56238]}}, {"type": "Feature", "properties": {"s": "kes"}, "geometry": {"type": "Point", "coordinates": [105.247077, -5.562144]}}, {"type": "Feature", "properties": {"s": "kes"}, "geometry": {"type": "Point", "coordinates": [105.247085, -5.562124]}}, {"type": "Feature", "properties": {"s": "kes"}, "geometry": {"type": "Point", "coordinates": [105.24716, -5.56207]}}, {"type": "Feature", "properties": {"s": "kes"}, "geometry": {"type": "Point", "coordinates": [105.247218, -5.561979]}}, {"type": "Feature", "properties": {"s": "kes"}, "geometry": {"type": "Point", "coordinates": [105.247227, -5.561892]}}, {"type": "Feature", "properties": {"s": "tutupan"}, "geometry": {"type": "Point", "coordinates": [105.253398, -5.55262]}}, {"type": "Feature", "properties": {"s": "tutupan"}, "geometry": {"type": "Point", "coordinates": [105.253144, -5.552693]}}, {"type": "Feature", "properties": {"s": "layak", "t1": 14226, "t2": 10699}, "geometry": {"type": "Point", "coordinates": [105.224641, -5.544157]}}, {"type": "Feature", "properties": {"s": "layak", "t1": 13814, "t2": 10798}, "geometry": {"type": "Point", "coordinates": [105.225017, -5.544162]}}, {"type": "Feature", "properties": {"s": "layak", "t1": 13367, "t2": 10947}, "geometry": {"type": "Point", "coordinates": [105.225408, -5.54438]}}, {"type": "Feature", "properties": {"s": "layak", "t1": 12864, "t2": 11114}, "geometry": {"type": "Point", "coordinates": [105.225885, -5.544543]}}, {"type": "Feature", "properties": {"s": "layak", "t1": 12478, "t2": 11239}, "geometry": {"type": "Point", "coordinates": [105.22624, -5.544698]}}, {"type": "Feature", "properties": {"s": "layak", "t1": 12010, "t2": 11269}, "geometry": {"type": "Point", "coordinates": [105.226674, -5.544877]}}, {"type": "Feature", "properties": {"s": "layak", "t1": 11717, "t2": 11397}, "geometry": {"type": "Point", "coordinates": [105.227122, -5.545034]}}, {"type": "Feature", "properties": {"s": "layak", "t1": 11677, "t2": 11677}, "geometry": {"type": "Point", "coordinates": [105.227457, -5.545166]}}, {"type": "Feature", "properties": {"s": "layak", "t1": 11720, "t2": 11329}, "geometry": {"type": "Point", "coordinates": [105.227787, -5.545458]}}, {"type": "Feature", "properties": {"s": "layak", "t1": 11720, "t2": 10948}, "geometry": {"type": "Point", "coordinates": [105.228091, -5.545762]}}, {"type": "Feature", "properties": {"s": "layak", "t1": 11821, "t2": 10558}, "geometry": {"type": "Point", "coordinates": [105.228516, -5.546118]}}, {"type": "Feature", "properties": {"s": "layak", "t1": 11912, "t2": 10285}, "geometry": {"type": "Point", "coordinates": [105.228777, -5.546435]}}, {"type": "Feature", "properties": {"s": "layak", "t1": 12010, "t2": 9952}, "geometry": {"type": "Point", "coordinates": [105.229065, -5.546772]}}, {"type": "Feature", "properties": {"s": "layak", "t1": 12368, "t2": 9932}, "geometry": {"type": "Point", "coordinates": [105.229321, -5.547052]}}, {"type": "Feature", "properties": {"s": "layak", "t1": 12914, "t2": 10068}, "geometry": {"type": "Point", "coordinates": [105.229663, -5.547274]}}, {"type": "Feature", "properties": {"s": "layak", "t1": 13580, "t2": 10235}, "geometry": {"type": "Point", "coordinates": [105.230117, -5.547486]}}, {"type": "Feature", "properties": {"s": "layak", "t1": 14152, "t2": 10378}, "geometry": {"type": "Point", "coordinates": [105.230481, -5.54771]}}, {"type": "Feature", "properties": {"s": "layak", "t1": 14785, "t2": 10566}, "geometry": {"type": "Point", "coordinates": [105.230741, -5.548072]}}, {"type": "Feature", "properties": {"s": "layak", "t1": 15219, "t2": 10721}, "geometry": {"type": "Point", "coordinates": [105.230921, -5.548284]}}, {"type": "Feature", "properties": {"s": "layak", "t1": 15565, "t2": 10776}, "geometry": {"type": "Point", "coordinates": [105.231039, -5.548471]}}, {"type": "Feature", "properties": {"s": "layak", "t1": 16171, "t2": 10776}, "geometry": {"type": "Point", "coordinates": [105.231089, -5.548858]}}, {"type": "Feature", "properties": {"s": "layak", "t1": 16756, "t2": 10776}, "geometry": {"type": "Point", "coordinates": [105.231178, -5.549225]}}, {"type": "Feature", "properties": {"s": "layak", "t1": 17303, "t2": 10776}, "geometry": {"type": "Point", "coordinates": [105.231351, -5.549532]}}, {"type": "Feature", "properties": {"s": "layak", "t1": 17906, "t2": 10776}, "geometry": {"type": "Point", "coordinates": [105.231643, -5.549786]}}, {"type": "Feature", "properties": {"s": "layak", "t1": 18559, "t2": 10776}, "geometry": {"type": "Point", "coordinates": [105.231975, -5.550045]}}, {"type": "Feature", "properties": {"s": "layak", "t1": 19117, "t2": 10776}, "geometry": {"type": "Point", "coordinates": [105.232354, -5.550218]}}, {"type": "Feature", "properties": {"s": "layak", "t1": 19663, "t2": 10776}, "geometry": {"type": "Point", "coordinates": [105.232761, -5.550432]}}, {"type": "Feature", "properties": {"s": "layak", "t1": 20074, "t2": 10776}, "geometry": {"type": "Point", "coordinates": [105.233151, -5.550685]}}, {"type": "Feature", "properties": {"s": "layak", "t1": 20307, "t2": 10776}, "geometry": {"type": "Point", "coordinates": [105.233341, -5.550864]}}, {"type": "Feature", "properties": {"s": "layak", "t1": 20549, "t2": 10750}, "geometry": {"type": "Point", "coordinates": [105.233571, -5.551009]}}, {"type": "Feature", "properties": {"s": "layak", "t1": 20870, "t2": 10676}, "geometry": {"type": "Point", "coordinates": [105.233983, -5.551158]}}, {"type": "Feature", "properties": {"s": "layak", "t1": 21083, "t2": 10605}, "geometry": {"type": "Point", "coordinates": [105.234297, -5.551218]}}, {"type": "Feature", "properties": {"s": "layak", "t1": 21177, "t2": 10558}, "geometry": {"type": "Point", "coordinates": [105.234503, -5.551254]}}, {"type": "Feature", "properties": {"s": "layak", "t1": 21683, "t2": 10561}, "geometry": {"type": "Point", "coordinates": [105.234778, -5.551527]}}, {"type": "Feature", "properties": {"s": "layak", "t1": 22426, "t2": 10654}, "geometry": {"type": "Point", "coordinates": [105.235016, -5.551873]}}, {"type": "Feature", "properties": {"s": "layak", "t1": 23251, "t2": 10725}, "geometry": {"type": "Point", "coordinates": [105.235312, -5.552233]}}, {"type": "Feature", "properties": {"s": "layak", "t1": 24123, "t2": 10780}, "geometry": {"type": "Point", "coordinates": [105.235605, -5.552629]}}, {"type": "Feature", "properties": {"s": "layak", "t1": 24972, "t2": 10833}, "geometry": {"type": "Point", "coordinates": [105.235869, -5.553029]}}, {"type": "Feature", "properties": {"s": "layak", "t1": 25775, "t2": 10883}, "geometry": {"type": "Point", "coordinates": [105.236072, -5.553434]}}, {"type": "Feature", "properties": {"s": "layak", "t1": 26591, "t2": 10934}, "geometry": {"type": "Point", "coordinates": [105.236284, -5.553844]}}, {"type": "Feature", "properties": {"s": "tutupan"}, "geometry": {"type": "Point", "coordinates": [105.236496, -5.554249]}}, {"type": "Feature", "properties": {"s": "layak", "t1": 38476, "t2": 11677}, "geometry": {"type": "Point", "coordinates": [105.241492, -5.542876]}}, {"type": "Feature", "properties": {"s": "dekat"}, "geometry": {"type": "Point", "coordinates": [105.241584, -5.543285]}}, {"type": "Feature", "properties": {"s": "dekat"}, "geometry": {"type": "Point", "coordinates": [105.241791, -5.543707]}}, {"type": "Feature", "properties": {"s": "dekat"}, "geometry": {"type": "Point", "coordinates": [105.242122, -5.543984]}}, {"type": "Feature", "properties": {"s": "dekat"}, "geometry": {"type": "Point", "coordinates": [105.242451, -5.544271]}}, {"type": "Feature", "properties": {"s": "dekat"}, "geometry": {"type": "Point", "coordinates": [105.242651, -5.54465]}}, {"type": "Feature", "properties": {"s": "dekat"}, "geometry": {"type": "Point", "coordinates": [105.242743, -5.545141]}}, {"type": "Feature", "properties": {"s": "dekat"}, "geometry": {"type": "Point", "coordinates": [105.242786, -5.545635]}}, {"type": "Feature", "properties": {"s": "dekat"}, "geometry": {"type": "Point", "coordinates": [105.242887, -5.546109]}}, {"type": "Feature", "properties": {"s": "dekat"}, "geometry": {"type": "Point", "coordinates": [105.243146, -5.546557]}}, {"type": "Feature", "properties": {"s": "dekat"}, "geometry": {"type": "Point", "coordinates": [105.243491, -5.546832]}}, {"type": "Feature", "properties": {"s": "dekat"}, "geometry": {"type": "Point", "coordinates": [105.243814, -5.547088]}}, {"type": "Feature", "properties": {"s": "tutupan"}, "geometry": {"type": "Point", "coordinates": [105.24414, -5.547519]}}, {"type": "Feature", "properties": {"s": "dekat"}, "geometry": {"type": "Point", "coordinates": [105.244293, -5.547823]}}, {"type": "Feature", "properties": {"s": "tutupan"}, "geometry": {"type": "Point", "coordinates": [105.244351, -5.548234]}}, {"type": "Feature", "properties": {"s": "dekat"}, "geometry": {"type": "Point", "coordinates": [105.244494, -5.548727]}}, {"type": "Feature", "properties": {"s": "dekat"}, "geometry": {"type": "Point", "coordinates": [105.24462, -5.549228]}}, {"type": "Feature", "properties": {"s": "dekat"}, "geometry": {"type": "Point", "coordinates": [105.244559, -5.549665]}}, {"type": "Feature", "properties": {"s": "dekat"}, "geometry": {"type": "Point", "coordinates": [105.244415, -5.550035]}}, {"type": "Feature", "properties": {"s": "dekat"}, "geometry": {"type": "Point", "coordinates": [105.244326, -5.550408]}}, {"type": "Feature", "properties": {"s": "dekat"}, "geometry": {"type": "Point", "coordinates": [105.244172, -5.550782]}}, {"type": "Feature", "properties": {"s": "dekat"}, "geometry": {"type": "Point", "coordinates": [105.243863, -5.551119]}}, {"type": "Feature", "properties": {"s": "dekat"}, "geometry": {"type": "Point", "coordinates": [105.243534, -5.551448]}}, {"type": "Feature", "properties": {"s": "dekat"}, "geometry": {"type": "Point", "coordinates": [105.243209, -5.551775]}}, {"type": "Feature", "properties": {"s": "dekat"}, "geometry": {"type": "Point", "coordinates": [105.242861, -5.552044]}}, {"type": "Feature", "properties": {"s": "dekat"}, "geometry": {"type": "Point", "coordinates": [105.242446, -5.552315]}}, {"type": "Feature", "properties": {"s": "dekat"}, "geometry": {"type": "Point", "coordinates": [105.241977, -5.552587]}}, {"type": "Feature", "properties": {"s": "dekat"}, "geometry": {"type": "Point", "coordinates": [105.241556, -5.552921]}}, {"type": "Feature", "properties": {"s": "dekat"}, "geometry": {"type": "Point", "coordinates": [105.241043, -5.553205]}}, {"type": "Feature", "properties": {"s": "dekat"}, "geometry": {"type": "Point", "coordinates": [105.240659, -5.553431]}}, {"type": "Feature", "properties": {"s": "dekat"}, "geometry": {"type": "Point", "coordinates": [105.240342, -5.553793]}}, {"type": "Feature", "properties": {"s": "dekat"}, "geometry": {"type": "Point", "coordinates": [105.24002, -5.554172]}}, {"type": "Feature", "properties": {"s": "kes"}, "geometry": {"type": "Point", "coordinates": [105.247321, -5.563391]}}, {"type": "Feature", "properties": {"s": "kes"}, "geometry": {"type": "Point", "coordinates": [105.247254, -5.563261]}}, {"type": "Feature", "properties": {"s": "kes"}, "geometry": {"type": "Point", "coordinates": [105.247189, -5.563129]}}, {"type": "Feature", "properties": {"s": "tutupan"}, "geometry": {"type": "Point", "coordinates": [105.247163, -5.563088]}}, {"type": "Feature", "properties": {"s": "tutupan"}, "geometry": {"type": "Point", "coordinates": [105.24702, -5.562908]}}, {"type": "Feature", "properties": {"s": "kes"}, "geometry": {"type": "Point", "coordinates": [105.246929, -5.562752]}}, {"type": "Feature", "properties": {"s": "kes"}, "geometry": {"type": "Point", "coordinates": [105.247013, -5.562653]}}, {"type": "Feature", "properties": {"s": "kes"}, "geometry": {"type": "Point", "coordinates": [105.24722, -5.562455]}}, {"type": "Feature", "properties": {"s": "kes"}, "geometry": {"type": "Point", "coordinates": [105.247247, -5.5624]}}, {"type": "Feature", "properties": {"s": "kes"}, "geometry": {"type": "Point", "coordinates": [105.247137, -5.562253]}}, {"type": "Feature", "properties": {"s": "kes"}, "geometry": {"type": "Point", "coordinates": [105.247078, -5.562135]}}, {"type": "Feature", "properties": {"s": "kes"}, "geometry": {"type": "Point", "coordinates": [105.247092, -5.562118]}}, {"type": "Feature", "properties": {"s": "kes"}, "geometry": {"type": "Point", "coordinates": [105.247175, -5.562028]}}, {"type": "Feature", "properties": {"s": "kes"}, "geometry": {"type": "Point", "coordinates": [105.247236, -5.561942]}}, {"type": "Feature", "properties": {"s": "dekat"}, "geometry": {"type": "Point", "coordinates": [105.241825, -5.552751]}}, {"type": "Feature", "properties": {"s": "dekat"}, "geometry": {"type": "Point", "coordinates": [105.242016, -5.553029]}}, {"type": "Feature", "properties": {"s": "dekat"}, "geometry": {"type": "Point", "coordinates": [105.242075, -5.55321]}}, {"type": "Feature", "properties": {"s": "dekat"}, "geometry": {"type": "Point", "coordinates": [105.242238, -5.553441]}}, {"type": "Feature", "properties": {"s": "dekat"}, "geometry": {"type": "Point", "coordinates": [105.242469, -5.553666]}}, {"type": "Feature", "properties": {"s": "dekat"}, "geometry": {"type": "Point", "coordinates": [105.242744, -5.554072]}}, {"type": "Feature", "properties": {"s": "tutupan"}, "geometry": {"type": "Point", "coordinates": [105.242996, -5.554418]}}, {"type": "Feature", "properties": {"s": "tutupan"}, "geometry": {"type": "Point", "coordinates": [105.243058, -5.554432]}}, {"type": "Feature", "properties": {"s": "tutupan"}, "geometry": {"type": "Point", "coordinates": [105.243175, -5.554314]}}, {"type": "Feature", "properties": {"s": "tutupan"}, "geometry": {"type": "Point", "coordinates": [105.243354, -5.554222]}}, {"type": "Feature", "properties": {"s": "dekat"}, "geometry": {"type": "Point", "coordinates": [105.243497, -5.554231]}}, {"type": "Feature", "properties": {"s": "tutupan"}, "geometry": {"type": "Point", "coordinates": [105.243607, -5.554351]}}, {"type": "Feature", "properties": {"s": "tutupan"}, "geometry": {"type": "Point", "coordinates": [105.243887, -5.554711]}}, {"type": "Feature", "properties": {"s": "dekat"}, "geometry": {"type": "Point", "coordinates": [105.244211, -5.555059]}}, {"type": "Feature", "properties": {"s": "dekat"}, "geometry": {"type": "Point", "coordinates": [105.244405, -5.555295]}}, {"type": "Feature", "properties": {"s": "dekat"}, "geometry": {"type": "Point", "coordinates": [105.244525, -5.555745]}}, {"type": "Feature", "properties": {"s": "dekat"}, "geometry": {"type": "Point", "coordinates": [105.244552, -5.55612]}}, {"type": "Feature", "properties": {"s": "layak", "t1": 38476, "t2": 11677}, "geometry": {"type": "Point", "coordinates": [105.24453, -5.556483]}}, {"type": "Feature", "properties": {"s": "layak", "t1": 38476, "t2": 11677}, "geometry": {"type": "Point", "coordinates": [105.244538, -5.55678]}}, {"type": "Feature", "properties": {"s": "layak", "t1": 38476, "t2": 11677}, "geometry": {"type": "Point", "coordinates": [105.244676, -5.557188]}}, {"type": "Feature", "properties": {"s": "layak", "t1": 38476, "t2": 11677}, "geometry": {"type": "Point", "coordinates": [105.244877, -5.557609]}}, {"type": "Feature", "properties": {"s": "layak", "t1": 38476, "t2": 11677}, "geometry": {"type": "Point", "coordinates": [105.245022, -5.55788]}}, {"type": "Feature", "properties": {"s": "layak", "t1": 38476, "t2": 11677}, "geometry": {"type": "Point", "coordinates": [105.245195, -5.558092]}}, {"type": "Feature", "properties": {"s": "layak", "t1": 38476, "t2": 11677}, "geometry": {"type": "Point", "coordinates": [105.245236, -5.558323]}}, {"type": "Feature", "properties": {"s": "layak", "t1": 38476, "t2": 11677}, "geometry": {"type": "Point", "coordinates": [105.24536, -5.558596]}}, {"type": "Feature", "properties": {"s": "layak", "t1": 38476, "t2": 11677}, "geometry": {"type": "Point", "coordinates": [105.245616, -5.558947]}}, {"type": "Feature", "properties": {"s": "layak", "t1": 38476, "t2": 11677}, "geometry": {"type": "Point", "coordinates": [105.245859, -5.559289]}}, {"type": "Feature", "properties": {"s": "layak", "t1": 38476, "t2": 11677}, "geometry": {"type": "Point", "coordinates": [105.24607, -5.559666]}}, {"type": "Feature", "properties": {"s": "layak", "t1": 38476, "t2": 11677}, "geometry": {"type": "Point", "coordinates": [105.246294, -5.560155]}}, {"type": "Feature", "properties": {"s": "kes"}, "geometry": {"type": "Point", "coordinates": [105.246446, -5.560369]}}, {"type": "Feature", "properties": {"s": "kes"}, "geometry": {"type": "Point", "coordinates": [105.246575, -5.560597]}}, {"type": "Feature", "properties": {"s": "kes"}, "geometry": {"type": "Point", "coordinates": [105.246724, -5.560825]}}, {"type": "Feature", "properties": {"s": "kes"}, "geometry": {"type": "Point", "coordinates": [105.246893, -5.561054]}}, {"type": "Feature", "properties": {"s": "kes"}, "geometry": {"type": "Point", "coordinates": [105.24694, -5.56141]}}, {"type": "Feature", "properties": {"s": "kes"}, "geometry": {"type": "Point", "coordinates": [105.247083, -5.561727]}}, {"type": "Feature", "properties": {"s": "kes"}, "geometry": {"type": "Point", "coordinates": [105.247227, -5.561892]}}, {"type": "Feature", "properties": {"s": "kes"}, "geometry": {"type": "Point", "coordinates": [105.247386, -5.561953]}}, {"type": "Feature", "properties": {"s": "kes"}, "geometry": {"type": "Point", "coordinates": [105.247673, -5.56204]}}, {"type": "Feature", "properties": {"s": "kes"}, "geometry": {"type": "Point", "coordinates": [105.247788, -5.562328]}}, {"type": "Feature", "properties": {"s": "kes"}, "geometry": {"type": "Point", "coordinates": [105.24784, -5.562713]}}, {"type": "Feature", "properties": {"s": "kes"}, "geometry": {"type": "Point", "coordinates": [105.247949, -5.563115]}}, {"type": "Feature", "properties": {"s": "kes"}, "geometry": {"type": "Point", "coordinates": [105.247947, -5.56317]}}, {"type": "Feature", "properties": {"s": "kes"}, "geometry": {"type": "Point", "coordinates": [105.247787, -5.563255]}}, {"type": "Feature", "properties": {"s": "kes"}, "geometry": {"type": "Point", "coordinates": [105.247492, -5.563445]}}, {"type": "Feature", "properties": {"s": "kes"}, "geometry": {"type": "Point", "coordinates": [105.247347, -5.563417]}}, {"type": "Feature", "properties": {"s": "layak", "t1": 13962, "t2": 10347}, "geometry": {"type": "Point", "coordinates": [105.230343, -5.547494]}}, {"type": "Feature", "properties": {"s": "layak", "t1": 14647, "t2": 10646}, "geometry": {"type": "Point", "coordinates": [105.230212, -5.54713]}}, {"type": "Feature", "properties": {"s": "layak", "t1": 15009, "t2": 10805}, "geometry": {"type": "Point", "coordinates": [105.230267, -5.546935]}}, {"type": "Feature", "properties": {"s": "tutupan"}, "geometry": {"type": "Point", "coordinates": [105.25062, -5.548739]}}, {"type": "Feature", "properties": {"s": "layak", "t1": 38476, "t2": 11677}, "geometry": {"type": "Point", "coordinates": [105.241454, -5.542695]}}, {"type": "Feature", "properties": {"s": "layak", "t1": 38476, "t2": 11677}, "geometry": {"type": "Point", "coordinates": [105.241552, -5.543145]}}, {"type": "Feature", "properties": {"s": "dekat"}, "geometry": {"type": "Point", "coordinates": [105.241681, -5.543562]}}, {"type": "Feature", "properties": {"s": "dekat"}, "geometry": {"type": "Point", "coordinates": [105.242, -5.54389]}}, {"type": "Feature", "properties": {"s": "dekat"}, "geometry": {"type": "Point", "coordinates": [105.242318, -5.544135]}}, {"type": "Feature", "properties": {"s": "dekat"}, "geometry": {"type": "Point", "coordinates": [105.242605, -5.544518]}}, {"type": "Feature", "properties": {"s": "dekat"}, "geometry": {"type": "Point", "coordinates": [105.242724, -5.544958]}}, {"type": "Feature", "properties": {"s": "dekat"}, "geometry": {"type": "Point", "coordinates": [105.24277, -5.545428]}}, {"type": "Feature", "properties": {"s": "dekat"}, "geometry": {"type": "Point", "coordinates": [105.242832, -5.545942]}}, {"type": "Feature", "properties": {"s": "dekat"}, "geometry": {"type": "Point", "coordinates": [105.243046, -5.546431]}}, {"type": "Feature", "properties": {"s": "dekat"}, "geometry": {"type": "Point", "coordinates": [105.243373, -5.546753]}}, {"type": "Feature", "properties": {"s": "dekat"}, "geometry": {"type": "Point", "coordinates": [105.243715, -5.54699]}}, {"type": "Feature", "properties": {"s": "dekat"}, "geometry": {"type": "Point", "coordinates": [105.244017, -5.547335]}}, {"type": "Feature", "properties": {"s": "tutupan"}, "geometry": {"type": "Point", "coordinates": [105.244244, -5.547706]}}, {"type": "Feature", "properties": {"s": "dekat"}, "geometry": {"type": "Point", "coordinates": [105.244337, -5.548023]}}, {"type": "Feature", "properties": {"s": "tutupan"}, "geometry": {"type": "Point", "coordinates": [105.244434, -5.548547]}}, {"type": "Feature", "properties": {"s": "dekat"}, "geometry": {"type": "Point", "coordinates": [105.244567, -5.548946]}}, {"type": "Feature", "properties": {"s": "dekat"}, "geometry": {"type": "Point", "coordinates": [105.244621, -5.54942]}}, {"type": "Feature", "properties": {"s": "dekat"}, "geometry": {"type": "Point", "coordinates": [105.244506, -5.549815]}}, {"type": "Feature", "properties": {"s": "dekat"}, "geometry": {"type": "Point", "coordinates": [105.244369, -5.550179]}}, {"type": "Feature", "properties": {"s": "dekat"}, "geometry": {"type": "Point", "coordinates": [105.244283, -5.550562]}}, {"type": "Feature", "properties": {"s": "dekat"}, "geometry": {"type": "Point", "coordinates": [105.244065, -5.550919]}}, {"type": "Feature", "properties": {"s": "dekat"}, "geometry": {"type": "Point", "coordinates": [105.24372, -5.551256]}}, {"type": "Feature", "properties": {"s": "dekat"}, "geometry": {"type": "Point", "coordinates": [105.243411, -5.551575]}}, {"type": "Feature", "properties": {"s": "dekat"}, "geometry": {"type": "Point", "coordinates": [105.243066, -5.551894]}}, {"type": "Feature", "properties": {"s": "dekat"}, "geometry": {"type": "Point", "coordinates": [105.242718, -5.552146]}}, {"type": "Feature", "properties": {"s": "dekat"}, "geometry": {"type": "Point", "coordinates": [105.242258, -5.552427]}}, {"type": "Feature", "properties": {"s": "dekat"}, "geometry": {"type": "Point", "coordinates": [105.241804, -5.55271]}}, {"type": "Feature", "properties": {"s": "dekat"}, "geometry": {"type": "Point", "coordinates": [105.241467, -5.552986]}}, {"type": "Feature", "properties": {"s": "dekat"}, "geometry": {"type": "Point", "coordinates": [105.24096, -5.553238]}}, {"type": "Feature", "properties": {"s": "dekat"}, "geometry": {"type": "Point", "coordinates": [105.240593, -5.553493]}}, {"type": "Feature", "properties": {"s": "dekat"}, "geometry": {"type": "Point", "coordinates": [105.240283, -5.553864]}}, {"type": "Feature", "properties": {"s": "dekat"}, "geometry": {"type": "Point", "coordinates": [105.239992, -5.554206]}}, {"type": "Feature", "properties": {"s": "layak", "t1": 21267, "t2": 10533}, "geometry": {"type": "Point", "coordinates": [105.234582, -5.55137]}}, {"type": "Feature", "properties": {"s": "layak", "t1": 21450, "t2": 10533}, "geometry": {"type": "Point", "coordinates": [105.234246, -5.551445]}}, {"type": "Feature", "properties": {"s": "layak", "t1": 21760, "t2": 10478}, "geometry": {"type": "Point", "coordinates": [105.233791, -5.55155]}}, {"type": "Feature", "properties": {"s": "layak", "t1": 21362, "t2": 10376}, "geometry": {"type": "Point", "coordinates": [105.233367, -5.551732]}}, {"type": "Feature", "properties": {"s": "layak", "t1": 20794, "t2": 10281}, "geometry": {"type": "Point", "coordinates": [105.232977, -5.551907]}}, {"type": "Feature", "properties": {"s": "layak", "t1": 20196, "t2": 10181}, "geometry": {"type": "Point", "coordinates": [105.232567, -5.552092]}}, {"type": "Feature", "properties": {"s": "layak", "t1": 19572, "t2": 10077}, "geometry": {"type": "Point", "coordinates": [105.232176, -5.552352]}}, {"type": "Feature", "properties": {"s": "layak", "t1": 14400, "t2": 8953}, "geometry": {"type": "Point", "coordinates": [105.230177, -5.549815]}}, {"type": "Feature", "properties": {"s": "layak", "t1": 15242, "t2": 9269}, "geometry": {"type": "Point", "coordinates": [105.230606, -5.54961]}}, {"type": "Feature", "properties": {"s": "dekat"}, "geometry": {"type": "Point", "coordinates": [105.242956, -5.552069]}}, {"type": "Feature", "properties": {"s": "dekat"}, "geometry": {"type": "Point", "coordinates": [105.243244, -5.552211]}}, {"type": "Feature", "properties": {"s": "dekat"}, "geometry": {"type": "Point", "coordinates": [105.243559, -5.552464]}}, {"type": "Feature", "properties": {"s": "dekat"}, "geometry": {"type": "Point", "coordinates": [105.243941, -5.552782]}}, {"type": "Feature", "properties": {"s": "dekat"}, "geometry": {"type": "Point", "coordinates": [105.244224, -5.553122]}}, {"type": "Feature", "properties": {"s": "dekat"}, "geometry": {"type": "Point", "coordinates": [105.24438, -5.553319]}}, {"type": "Feature", "properties": {"s": "dekat"}, "geometry": {"type": "Point", "coordinates": [105.24469, -5.553532]}}, {"type": "Feature", "properties": {"s": "dekat"}, "geometry": {"type": "Point", "coordinates": [105.244923, -5.553702]}}, {"type": "Feature", "properties": {"s": "layak", "t1": 37865, "t2": 11065}, "geometry": {"type": "Point", "coordinates": [105.245278, -5.554007]}}, {"type": "Feature", "properties": {"s": "kes"}, "geometry": {"type": "Point", "coordinates": [105.245569, -5.554246]}}, {"type": "Feature", "properties": {"s": "layak", "t1": 37861, "t2": 11061}, "geometry": {"type": "Point", "coordinates": [105.245675, -5.554434]}}, {"type": "Feature", "properties": {"s": "layak", "t1": 37810, "t2": 11010}, "geometry": {"type": "Point", "coordinates": [105.245729, -5.55489]}}, {"type": "Feature", "properties": {"s": "layak", "t1": 37762, "t2": 10963}, "geometry": {"type": "Point", "coordinates": [105.245947, -5.555262]}}, {"type": "Feature", "properties": {"s": "layak", "t1": 37735, "t2": 10936}, "geometry": {"type": "Point", "coordinates": [105.246137, -5.555413]}}, {"type": "Feature", "properties": {"s": "layak", "t1": 37704, "t2": 10905}, "geometry": {"type": "Point", "coordinates": [105.246342, -5.555602]}}, {"type": "Feature", "properties": {"s": "layak", "t1": 37675, "t2": 10875}, "geometry": {"type": "Point", "coordinates": [105.246509, -5.55581]}}, {"type": "Feature", "properties": {"s": "kes"}, "geometry": {"type": "Point", "coordinates": [105.246705, -5.556087]}}, {"type": "Feature", "properties": {"s": "kes"}, "geometry": {"type": "Point", "coordinates": [105.246839, -5.556309]}}, {"type": "Feature", "properties": {"s": "kes"}, "geometry": {"type": "Point", "coordinates": [105.24695, -5.556473]}}, {"type": "Feature", "properties": {"s": "kes"}, "geometry": {"type": "Point", "coordinates": [105.247057, -5.556599]}}, {"type": "Feature", "properties": {"s": "kes"}, "geometry": {"type": "Point", "coordinates": [105.247289, -5.556796]}}, {"type": "Feature", "properties": {"s": "kes"}, "geometry": {"type": "Point", "coordinates": [105.247707, -5.557102]}}, {"type": "Feature", "properties": {"s": "kes"}, "geometry": {"type": "Point", "coordinates": [105.248156, -5.55725]}}, {"type": "Feature", "properties": {"s": "kes"}, "geometry": {"type": "Point", "coordinates": [105.248628, -5.557323]}}, {"type": "Feature", "properties": {"s": "kes"}, "geometry": {"type": "Point", "coordinates": [105.249008, -5.557349]}}, {"type": "Feature", "properties": {"s": "kes"}, "geometry": {"type": "Point", "coordinates": [105.249267, -5.557409]}}, {"type": "Feature", "properties": {"s": "kes"}, "geometry": {"type": "Point", "coordinates": [105.249473, -5.557491]}}, {"type": "Feature", "properties": {"s": "kes"}, "geometry": {"type": "Point", "coordinates": [105.249609, -5.557593]}}, {"type": "Feature", "properties": {"s": "kes"}, "geometry": {"type": "Point", "coordinates": [105.249738, -5.557802]}}, {"type": "Feature", "properties": {"s": "kes"}, "geometry": {"type": "Point", "coordinates": [105.249806, -5.558147]}}, {"type": "Feature", "properties": {"s": "kes"}, "geometry": {"type": "Point", "coordinates": [105.249882, -5.558374]}}, {"type": "Feature", "properties": {"s": "kes"}, "geometry": {"type": "Point", "coordinates": [105.24996, -5.558571]}}, {"type": "Feature", "properties": {"s": "tutupan"}, "geometry": {"type": "Point", "coordinates": [105.250153, -5.558805]}}, {"type": "Feature", "properties": {"s": "kes"}, "geometry": {"type": "Point", "coordinates": [105.250462, -5.559119]}}, {"type": "Feature", "properties": {"s": "kes"}, "geometry": {"type": "Point", "coordinates": [105.250637, -5.559233]}}, {"type": "Feature", "properties": {"s": "kes"}, "geometry": {"type": "Point", "coordinates": [105.25089, -5.559174]}}, {"type": "Feature", "properties": {"s": "kes"}, "geometry": {"type": "Point", "coordinates": [105.251248, -5.559145]}}, {"type": "Feature", "properties": {"s": "kes"}, "geometry": {"type": "Point", "coordinates": [105.25151, -5.558874]}}, {"type": "Feature", "properties": {"s": "kes"}, "geometry": {"type": "Point", "coordinates": [105.251766, -5.558731]}}, {"type": "Feature", "properties": {"s": "kes"}, "geometry": {"type": "Point", "coordinates": [105.252107, -5.558897]}}, {"type": "Feature", "properties": {"s": "kes"}, "geometry": {"type": "Point", "coordinates": [105.252426, -5.559056]}}, {"type": "Feature", "properties": {"s": "kes"}, "geometry": {"type": "Point", "coordinates": [105.252646, -5.559235]}}, {"type": "Feature", "properties": {"s": "kes"}, "geometry": {"type": "Point", "coordinates": [105.252736, -5.559105]}}, {"type": "Feature", "properties": {"s": "kes"}, "geometry": {"type": "Point", "coordinates": [105.252662, -5.558954]}}, {"type": "Feature", "properties": {"s": "kes"}, "geometry": {"type": "Point", "coordinates": [105.252545, -5.558641]}}, {"type": "Feature", "properties": {"s": "layak", "t1": 38476, "t2": 11677}, "geometry": {"type": "Point", "coordinates": [105.252618, -5.558371]}}, {"type": "Feature", "properties": {"s": "layak", "t1": 38476, "t2": 11677}, "geometry": {"type": "Point", "coordinates": [105.252446, -5.558162]}}, {"type": "Feature", "properties": {"s": "layak", "t1": 38476, "t2": 11677}, "geometry": {"type": "Point", "coordinates": [105.252263, -5.55789]}}, {"type": "Feature", "properties": {"s": "layak", "t1": 38476, "t2": 11677}, "geometry": {"type": "Point", "coordinates": [105.252126, -5.557732]}}, {"type": "Feature", "properties": {"s": "layak", "t1": 38476, "t2": 11677}, "geometry": {"type": "Point", "coordinates": [105.252041, -5.557599]}}, {"type": "Feature", "properties": {"s": "layak", "t1": 38476, "t2": 11677}, "geometry": {"type": "Point", "coordinates": [105.251962, -5.557454]}}, {"type": "Feature", "properties": {"s": "layak", "t1": 38476, "t2": 11677}, "geometry": {"type": "Point", "coordinates": [105.251944, -5.557226]}}, {"type": "Feature", "properties": {"s": "layak", "t1": 38476, "t2": 11677}, "geometry": {"type": "Point", "coordinates": [105.251886, -5.556978]}}, {"type": "Feature", "properties": {"s": "layak", "t1": 38476, "t2": 11677}, "geometry": {"type": "Point", "coordinates": [105.25186, -5.556675]}}, {"type": "Feature", "properties": {"s": "layak", "t1": 38476, "t2": 11677}, "geometry": {"type": "Point", "coordinates": [105.251828, -5.556377]}}, {"type": "Feature", "properties": {"s": "layak", "t1": 38476, "t2": 11677}, "geometry": {"type": "Point", "coordinates": [105.251829, -5.555971]}}, {"type": "Feature", "properties": {"s": "layak", "t1": 38476, "t2": 11677}, "geometry": {"type": "Point", "coordinates": [105.251919, -5.555641]}}, {"type": "Feature", "properties": {"s": "layak", "t1": 38476, "t2": 11677}, "geometry": {"type": "Point", "coordinates": [105.252028, -5.555348]}}, {"type": "Feature", "properties": {"s": "tutupan"}, "geometry": {"type": "Point", "coordinates": [105.252139, -5.555135]}}, {"type": "Feature", "properties": {"s": "kes"}, "geometry": {"type": "Point", "coordinates": [105.252318, -5.554829]}}, {"type": "Feature", "properties": {"s": "tutupan"}, "geometry": {"type": "Point", "coordinates": [105.252538, -5.554481]}}, {"type": "Feature", "properties": {"s": "kes"}, "geometry": {"type": "Point", "coordinates": [105.252714, -5.554238]}}, {"type": "Feature", "properties": {"s": "kes"}, "geometry": {"type": "Point", "coordinates": [105.25287, -5.55406]}}, {"type": "Feature", "properties": {"s": "kes"}, "geometry": {"type": "Point", "coordinates": [105.253006, -5.553806]}}, {"type": "Feature", "properties": {"s": "kes"}, "geometry": {"type": "Point", "coordinates": [105.253134, -5.553519]}}, {"type": "Feature", "properties": {"s": "kes"}, "geometry": {"type": "Point", "coordinates": [105.253131, -5.553162]}}, {"type": "Feature", "properties": {"s": "tutupan"}, "geometry": {"type": "Point", "coordinates": [105.253088, -5.552768]}}, {"type": "Feature", "properties": {"s": "layak", "t1": 14241, "t2": 10726}, "geometry": {"type": "Point", "coordinates": [105.224742, -5.543988]}}, {"type": "Feature", "properties": {"s": "layak", "t1": 14694, "t2": 10781}, "geometry": {"type": "Point", "coordinates": [105.224645, -5.543727]}}, {"type": "Feature", "properties": {"s": "layak", "t1": 15102, "t2": 10863}, "geometry": {"type": "Point", "coordinates": [105.224412, -5.543664]}}, {"type": "Feature", "properties": {"s": "layak", "t1": 15510, "t2": 10944}, "geometry": {"type": "Point", "coordinates": [105.224196, -5.543771]}}, {"type": "Feature", "properties": {"s": "layak", "t1": 15680, "t2": 10979}, "geometry": {"type": "Point", "coordinates": [105.224096, -5.543794]}}, {"type": "Feature", "properties": {"s": "layak", "t1": 16074, "t2": 11057}, "geometry": {"type": "Point", "coordinates": [105.223893, -5.543672]}}, {"type": "Feature", "properties": {"s": "dekat"}, "geometry": {"type": "Point", "coordinates": [105.243887, -5.551096]}}, {"type": "Feature", "properties": {"s": "dekat"}, "geometry": {"type": "Point", "coordinates": [105.244191, -5.551405]}}, {"type": "Feature", "properties": {"s": "dekat"}, "geometry": {"type": "Point", "coordinates": [105.244527, -5.551691]}}, {"type": "Feature", "properties": {"s": "dekat"}, "geometry": {"type": "Point", "coordinates": [105.244906, -5.551889]}}, {"type": "Feature", "properties": {"s": "layak", "t1": 38294, "t2": 11494}, "geometry": {"type": "Point", "coordinates": [105.24533, -5.552022]}}, {"type": "Feature", "properties": {"s": "layak", "t1": 38340, "t2": 11541}, "geometry": {"type": "Point", "coordinates": [105.245549, -5.551956]}}, {"type": "Feature", "properties": {"s": "kes"}, "geometry": {"type": "Point", "coordinates": [105.245671, -5.551763]}}, {"type": "Feature", "properties": {"s": "kes"}, "geometry": {"type": "Point", "coordinates": [105.245897, -5.551375]}}, {"type": "Feature", "properties": {"s": "kes"}, "geometry": {"type": "Point", "coordinates": [105.246304, -5.551124]}}, {"type": "Feature", "properties": {"s": "kes"}, "geometry": {"type": "Point", "coordinates": [105.246787, -5.550943]}}, {"type": "Feature", "properties": {"s": "kes"}, "geometry": {"type": "Point", "coordinates": [105.247187, -5.550687]}}, {"type": "Feature", "properties": {"s": "kes"}, "geometry": {"type": "Point", "coordinates": [105.247599, -5.550456]}}, {"type": "Feature", "properties": {"s": "kes"}, "geometry": {"type": "Point", "coordinates": [105.247945, -5.550297]}}, {"type": "Feature", "properties": {"s": "kes"}, "geometry": {"type": "Point", "coordinates": [105.248339, -5.550146]}}, {"type": "Feature", "properties": {"s": "kes"}, "geometry": {"type": "Point", "coordinates": [105.248716, -5.550029]}}, {"type": "Feature", "properties": {"s": "kes"}, "geometry": {"type": "Point", "coordinates": [105.248919, -5.549865]}}, {"type": "Feature", "properties": {"s": "kes"}, "geometry": {"type": "Point", "coordinates": [105.249135, -5.549894]}}, {"type": "Feature", "properties": {"s": "kes"}, "geometry": {"type": "Point", "coordinates": [105.249373, -5.550077]}}, {"type": "Feature", "properties": {"s": "kes"}, "geometry": {"type": "Point", "coordinates": [105.249618, -5.55034]}}, {"type": "Feature", "properties": {"s": "kes"}, "geometry": {"type": "Point", "coordinates": [105.24993, -5.55062]}}, {"type": "Feature", "properties": {"s": "kes"}, "geometry": {"type": "Point", "coordinates": [105.24998, -5.550875]}}, {"type": "Feature", "properties": {"s": "kes"}, "geometry": {"type": "Point", "coordinates": [105.250029, -5.551295]}}, {"type": "Feature", "properties": {"s": "kes"}, "geometry": {"type": "Point", "coordinates": [105.250238, -5.551532]}}, {"type": "Feature", "properties": {"s": "kes"}, "geometry": {"type": "Point", "coordinates": [105.250539, -5.551635]}}, {"type": "Feature", "properties": {"s": "kes"}, "geometry": {"type": "Point", "coordinates": [105.250747, -5.55182]}}, {"type": "Feature", "properties": {"s": "kes"}, "geometry": {"type": "Point", "coordinates": [105.250733, -5.552172]}}, {"type": "Feature", "properties": {"s": "kes"}, "geometry": {"type": "Point", "coordinates": [105.250733, -5.552451]}}, {"type": "Feature", "properties": {"s": "kes"}, "geometry": {"type": "Point", "coordinates": [105.250818, -5.552545]}}, {"type": "Feature", "properties": {"s": "kes"}, "geometry": {"type": "Point", "coordinates": [105.250882, -5.552523]}}, {"type": "Feature", "properties": {"s": "kes"}, "geometry": {"type": "Point", "coordinates": [105.251002, -5.552287]}}, {"type": "Feature", "properties": {"s": "kes"}, "geometry": {"type": "Point", "coordinates": [105.251261, -5.551941]}}, {"type": "Feature", "properties": {"s": "kes"}, "geometry": {"type": "Point", "coordinates": [105.25162, -5.55168]}}, {"type": "Feature", "properties": {"s": "kes"}, "geometry": {"type": "Point", "coordinates": [105.251912, -5.551658]}}, {"type": "Feature", "properties": {"s": "kes"}, "geometry": {"type": "Point", "coordinates": [105.252412, -5.551629]}}, {"type": "Feature", "properties": {"s": "tutupan"}, "geometry": {"type": "Point", "coordinates": [105.252742, -5.551492]}}, {"type": "Feature", "properties": {"s": "tutupan"}, "geometry": {"type": "Point", "coordinates": [105.252849, -5.551353]}}, {"type": "Feature", "properties": {"s": "layak", "t1": 38476, "t2": 11677}, "geometry": {"type": "Point", "coordinates": [105.252791, -5.551188]}}, {"type": "Feature", "properties": {"s": "layak", "t1": 38476, "t2": 11677}, "geometry": {"type": "Point", "coordinates": [105.252422, -5.550928]}}, {"type": "Feature", "properties": {"s": "layak", "t1": 38476, "t2": 11677}, "geometry": {"type": "Point", "coordinates": [105.252072, -5.550661]}}, {"type": "Feature", "properties": {"s": "kes"}, "geometry": {"type": "Point", "coordinates": [105.252007, -5.550372]}}, {"type": "Feature", "properties": {"s": "kes"}, "geometry": {"type": "Point", "coordinates": [105.25197, -5.549987]}}, {"type": "Feature", "properties": {"s": "kes"}, "geometry": {"type": "Point", "coordinates": [105.25179, -5.54962]}}, {"type": "Feature", "properties": {"s": "layak", "t1": 38476, "t2": 11677}, "geometry": {"type": "Point", "coordinates": [105.251473, -5.549287]}}, {"type": "Feature", "properties": {"s": "kes"}, "geometry": {"type": "Point", "coordinates": [105.251178, -5.549181]}}, {"type": "Feature", "properties": {"s": "tutupan"}, "geometry": {"type": "Point", "coordinates": [105.250836, -5.548941]}}, {"type": "Feature", "properties": {"s": "tutupan"}, "geometry": {"type": "Point", "coordinates": [105.25052, -5.548663]}}, {"type": "Feature", "properties": {"s": "tutupan"}, "geometry": {"type": "Point", "coordinates": [105.250191, -5.548295]}}, {"type": "Feature", "properties": {"s": "kes"}, "geometry": {"type": "Point", "coordinates": [105.249959, -5.547924]}}, {"type": "Feature", "properties": {"s": "layak", "t1": 38476, "t2": 11677}, "geometry": {"type": "Point", "coordinates": [105.249713, -5.547555]}}, {"type": "Feature", "properties": {"s": "layak", "t1": 38476, "t2": 11677}, "geometry": {"type": "Point", "coordinates": [105.249487, -5.547265]}}, {"type": "Feature", "properties": {"s": "layak", "t1": 38476, "t2": 11677}, "geometry": {"type": "Point", "coordinates": [105.249275, -5.54719]}}, {"type": "Feature", "properties": {"s": "layak", "t1": 38476, "t2": 11677}, "geometry": {"type": "Point", "coordinates": [105.24889, -5.547252]}}, {"type": "Feature", "properties": {"s": "dekat"}, "geometry": {"type": "Point", "coordinates": [105.241903, -5.552856]}}, {"type": "Feature", "properties": {"s": "dekat"}, "geometry": {"type": "Point", "coordinates": [105.242054, -5.553109]}}, {"type": "Feature", "properties": {"s": "dekat"}, "geometry": {"type": "Point", "coordinates": [105.242102, -5.553276]}}, {"type": "Feature", "properties": {"s": "dekat"}, "geometry": {"type": "Point", "coordinates": [105.242323, -5.553516]}}, {"type": "Feature", "properties": {"s": "dekat"}, "geometry": {"type": "Point", "coordinates": [105.242622, -5.553864]}}, {"type": "Feature", "properties": {"s": "dekat"}, "geometry": {"type": "Point", "coordinates": [105.242866, -5.554245]}}, {"type": "Feature", "properties": {"s": "tutupan"}, "geometry": {"type": "Point", "coordinates": [105.243019, -5.55443]}}, {"type": "Feature", "properties": {"s": "tutupan"}, "geometry": {"type": "Point", "coordinates": [105.243083, -5.554423]}}, {"type": "Feature", "properties": {"s": "tutupan"}, "geometry": {"type": "Point", "coordinates": [105.243238, -5.554261]}}, {"type": "Feature", "properties": {"s": "tutupan"}, "geometry": {"type": "Point", "coordinates": [105.243444, -5.554222]}}, {"type": "Feature", "properties": {"s": "dekat"}, "geometry": {"type": "Point", "coordinates": [105.243528, -5.554251]}}, {"type": "Feature", "properties": {"s": "dekat"}, "geometry": {"type": "Point", "coordinates": [105.243719, -5.554495]}}, {"type": "Feature", "properties": {"s": "tutupan"}, "geometry": {"type": "Point", "coordinates": [105.24401, -5.554852]}}, {"type": "Feature", "properties": {"s": "dekat"}, "geometry": {"type": "Point", "coordinates": [105.244331, -5.555184]}}, {"type": "Feature", "properties": {"s": "dekat"}, "geometry": {"type": "Point", "coordinates": [105.244464, -5.5555]}}, {"type": "Feature", "properties": {"s": "dekat"}, "geometry": {"type": "Point", "coordinates": [105.244551, -5.555889]}}, {"type": "Feature", "properties": {"s": "layak", "t1": 38476, "t2": 11677}, "geometry": {"type": "Point", "coordinates": [105.244537, -5.556268]}}, {"type": "Feature", "properties": {"s": "layak", "t1": 38476, "t2": 11677}, "geometry": {"type": "Point", "coordinates": [105.24454, -5.556616]}}, {"type": "Feature", "properties": {"s": "layak", "t1": 38476, "t2": 11677}, "geometry": {"type": "Point", "coordinates": [105.244572, -5.556905]}}, {"type": "Feature", "properties": {"s": "layak", "t1": 38476, "t2": 11677}, "geometry": {"type": "Point", "coordinates": [105.244769, -5.557392]}}, {"type": "Feature", "properties": {"s": "layak", "t1": 38476, "t2": 11677}, "geometry": {"type": "Point", "coordinates": [105.244949, -5.557761]}}, {"type": "Feature", "properties": {"s": "layak", "t1": 38476, "t2": 11677}, "geometry": {"type": "Point", "coordinates": [105.245143, -5.557988]}}, {"type": "Feature", "properties": {"s": "layak", "t1": 38476, "t2": 11677}, "geometry": {"type": "Point", "coordinates": [105.245213, -5.558217]}}, {"type": "Feature", "properties": {"s": "layak", "t1": 38476, "t2": 11677}, "geometry": {"type": "Point", "coordinates": [105.245284, -5.558453]}}, {"type": "Feature", "properties": {"s": "layak", "t1": 38476, "t2": 11677}, "geometry": {"type": "Point", "coordinates": [105.245473, -5.558769]}}, {"type": "Feature", "properties": {"s": "layak", "t1": 38476, "t2": 11677}, "geometry": {"type": "Point", "coordinates": [105.245701, -5.559054]}}, {"type": "Feature", "properties": {"s": "layak", "t1": 38476, "t2": 11677}, "geometry": {"type": "Point", "coordinates": [105.245957, -5.559444]}}, {"type": "Feature", "properties": {"s": "layak", "t1": 38476, "t2": 11677}, "geometry": {"type": "Point", "coordinates": [105.246149, -5.559876]}}, {"type": "Feature", "properties": {"s": "layak", "t1": 38476, "t2": 11677}, "geometry": {"type": "Point", "coordinates": [105.246364, -5.560253]}}, {"type": "Feature", "properties": {"s": "kes"}, "geometry": {"type": "Point", "coordinates": [105.246504, -5.560486]}}, {"type": "Feature", "properties": {"s": "kes"}, "geometry": {"type": "Point", "coordinates": [105.246618, -5.560679]}}, {"type": "Feature", "properties": {"s": "kes"}, "geometry": {"type": "Point", "coordinates": [105.24684, -5.560957]}}, {"type": "Feature", "properties": {"s": "kes"}, "geometry": {"type": "Point", "coordinates": [105.246907, -5.561197]}}, {"type": "Feature", "properties": {"s": "kes"}, "geometry": {"type": "Point", "coordinates": [105.246991, -5.561526]}}, {"type": "Feature", "properties": {"s": "kes"}, "geometry": {"type": "Point", "coordinates": [105.247126, -5.561812]}}, {"type": "Feature", "properties": {"s": "kes"}, "geometry": {"type": "Point", "coordinates": [105.247323, -5.561943]}}, {"type": "Feature", "properties": {"s": "kes"}, "geometry": {"type": "Point", "coordinates": [105.247616, -5.561992]}}, {"type": "Feature", "properties": {"s": "kes"}, "geometry": {"type": "Point", "coordinates": [105.247736, -5.562171]}}, {"type": "Feature", "properties": {"s": "kes"}, "geometry": {"type": "Point", "coordinates": [105.247814, -5.562586]}}, {"type": "Feature", "properties": {"s": "kes"}, "geometry": {"type": "Point", "coordinates": [105.247898, -5.562974]}}, {"type": "Feature", "properties": {"s": "kes"}, "geometry": {"type": "Point", "coordinates": [105.247953, -5.563148]}}, {"type": "Feature", "properties": {"s": "kes"}, "geometry": {"type": "Point", "coordinates": [105.247924, -5.563195]}}, {"type": "Feature", "properties": {"s": "kes"}, "geometry": {"type": "Point", "coordinates": [105.247597, -5.563385]}}, {"type": "Feature", "properties": {"s": "kes"}, "geometry": {"type": "Point", "coordinates": [105.247395, -5.563446]}}, {"type": "Feature", "properties": {"s": "dekat"}, "geometry": {"type": "Point", "coordinates": [105.240658, -5.554969]}}, {"type": "Feature", "properties": {"s": "dekat"}, "geometry": {"type": "Point", "coordinates": [105.241032, -5.554706]}}, {"type": "Feature", "properties": {"s": "layak", "t1": 37563, "t2": 11620}, "geometry": {"type": "Point", "coordinates": [105.241393, -5.554408]}}, {"type": "Feature", "properties": {"s": "tutupan"}, "geometry": {"type": "Point", "coordinates": [105.253398, -5.55262]}}, {"type": "Feature", "properties": {"s": "tutupan"}, "geometry": {"type": "Point", "coordinates": [105.253144, -5.552693]}}, {"type": "Feature", "properties": {"s": "layak", "t1": 38476, "t2": 11677}, "geometry": {"type": "Point", "coordinates": [105.253702, -5.552397]}}, {"type": "Feature", "properties": {"s": "layak", "t1": 38476, "t2": 11677}, "geometry": {"type": "Point", "coordinates": [105.253611, -5.552802]}}, {"type": "Feature", "properties": {"s": "layak", "t1": 38476, "t2": 11677}, "geometry": {"type": "Point", "coordinates": [105.253454, -5.553209]}}, {"type": "Feature", "properties": {"s": "layak", "t1": 21294, "t2": 10534}, "geometry": {"type": "Point", "coordinates": [105.234619, -5.551352]}}, {"type": "Feature", "properties": {"s": "layak", "t1": 21400, "t2": 10533}, "geometry": {"type": "Point", "coordinates": [105.234318, -5.55143]}}, {"type": "Feature", "properties": {"s": "layak", "t1": 21700, "t2": 10498}, "geometry": {"type": "Point", "coordinates": [105.233878, -5.551529]}}, {"type": "Feature", "properties": {"s": "layak", "t1": 21498, "t2": 10398}, "geometry": {"type": "Point", "coordinates": [105.233459, -5.551688]}}, {"type": "Feature", "properties": {"s": "layak", "t1": 20903, "t2": 10299}, "geometry": {"type": "Point", "coordinates": [105.233051, -5.551872]}}, {"type": "Feature", "properties": {"s": "layak", "t1": 20317, "t2": 10201}, "geometry": {"type": "Point", "coordinates": [105.232649, -5.552051]}}, {"type": "Feature", "properties": {"s": "layak", "t1": 19711, "t2": 10100}, "geometry": {"type": "Point", "coordinates": [105.232262, -5.552293]}}, {"type": "Feature", "properties": {"s": "layak", "t1": 26385, "t2": 10921}, "geometry": {"type": "Point", "coordinates": [105.23623, -5.553741]}}, {"type": "Feature", "properties": {"s": "tutupan"}, "geometry": {"type": "Point", "coordinates": [105.236604, -5.553627]}}, {"type": "Feature", "properties": {"s": "tutupan"}, "geometry": {"type": "Point", "coordinates": [105.237062, -5.55351]}}, {"type": "Feature", "properties": {"s": "tutupan"}, "geometry": {"type": "Point", "coordinates": [105.237476, -5.553412]}}, {"type": "Feature", "properties": {"s": "kes"}, "geometry": {"type": "Point", "coordinates": [105.23757, -5.553365]}}, {"type": "Feature", "properties": {"s": "kes"}, "geometry": {"type": "Point", "coordinates": [105.237564, -5.553319]}}, {"type": "Feature", "properties": {"s": "layak", "t1": 29480, "t2": 11115}, "geometry": {"type": "Point", "coordinates": [105.237371, -5.553044]}}, {"type": "Feature", "properties": {"s": "layak", "t1": 30113, "t2": 11154}, "geometry": {"type": "Point", "coordinates": [105.237176, -5.552744]}}, {"type": "Feature", "properties": {"s": "layak", "t1": 30851, "t2": 11200}, "geometry": {"type": "Point", "coordinates": [105.236965, -5.552384]}}, {"type": "Feature", "properties": {"s": "layak", "t1": 31610, "t2": 11248}, "geometry": {"type": "Point", "coordinates": [105.236747, -5.552015]}}, {"type": "Feature", "properties": {"s": "layak", "t1": 32224, "t2": 11286}, "geometry": {"type": "Point", "coordinates": [105.236606, -5.551702]}}, {"type": "Feature", "properties": {"s": "layak", "t1": 14315, "t2": 10691}, "geometry": {"type": "Point", "coordinates": [105.224569, -5.544166]}}, {"type": "Feature", "properties": {"s": "layak", "t1": 13883, "t2": 10775}, "geometry": {"type": "Point", "coordinates": [105.224952, -5.544138]}}, {"type": "Feature", "properties": {"s": "layak", "t1": 13446, "t2": 10920}, "geometry": {"type": "Point", "coordinates": [105.225337, -5.544346]}}, {"type": "Feature", "properties": {"s": "layak", "t1": 12976, "t2": 11077}, "geometry": {"type": "Point", "coordinates": [105.225781, -5.544501]}}, {"type": "Feature", "properties": {"s": "layak", "t1": 12568, "t2": 11213}, "geometry": {"type": "Point", "coordinates": [105.226156, -5.544664]}}, {"type": "Feature", "properties": {"s": "layak", "t1": 12087, "t2": 11277}, "geometry": {"type": "Point", "coordinates": [105.226603, -5.544847]}}, {"type": "Feature", "properties": {"s": "layak", "t1": 11731, "t2": 11298}, "geometry": {"type": "Point", "coordinates": [105.227001, -5.544997]}}, {"type": "Feature", "properties": {"s": "layak", "t1": 11685, "t2": 11618}, "geometry": {"type": "Point", "coordinates": [105.227391, -5.545129]}}, {"type": "Feature", "properties": {"s": "layak", "t1": 11717, "t2": 11394}, "geometry": {"type": "Point", "coordinates": [105.227734, -5.545402]}}, {"type": "Feature", "properties": {"s": "layak", "t1": 11720, "t2": 11035}, "geometry": {"type": "Point", "coordinates": [105.228018, -5.545697]}}, {"type": "Feature", "properties": {"s": "layak", "t1": 11792, "t2": 10645}, "geometry": {"type": "Point", "coordinates": [105.228422, -5.546025]}}, {"type": "Feature", "properties": {"s": "layak", "t1": 11896, "t2": 10335}, "geometry": {"type": "Point", "coordinates": [105.228723, -5.546382]}}, {"type": "Feature", "properties": {"s": "layak", "t1": 11995, "t2": 10006}, "geometry": {"type": "Point", "coordinates": [105.229023, -5.546717]}}, {"type": "Feature", "properties": {"s": "layak", "t1": 12275, "t2": 9908}, "geometry": {"type": "Point", "coordinates": [105.229273, -5.547002]}}, {"type": "Feature", "properties": {"s": "layak", "t1": 12771, "t2": 10032}, "geometry": {"type": "Point", "coordinates": [105.229566, -5.547228]}}, {"type": "Feature", "properties": {"s": "layak", "t1": 13468, "t2": 10207}, "geometry": {"type": "Point", "coordinates": [105.230042, -5.547448]}}, {"type": "Feature", "properties": {"s": "layak", "t1": 14035, "t2": 10348}, "geometry": {"type": "Point", "coordinates": [105.230419, -5.547648]}}, {"type": "Feature", "properties": {"s": "layak", "t1": 14642, "t2": 10515}, "geometry": {"type": "Point", "coordinates": [105.230692, -5.547994]}}, {"type": "Feature", "properties": {"s": "layak", "t1": 15150, "t2": 10697}, "geometry": {"type": "Point", "coordinates": [105.230887, -5.548255]}}, {"type": "Feature", "properties": {"s": "layak", "t1": 15496, "t2": 10776}, "geometry": {"type": "Point", "coordinates": [105.231024, -5.548429]}}, {"type": "Feature", "properties": {"s": "layak", "t1": 16075, "t2": 10776}, "geometry": {"type": "Point", "coordinates": [105.231087, -5.548796]}}, {"type": "Feature", "properties": {"s": "layak", "t1": 16587, "t2": 10776}, "geometry": {"type": "Point", "coordinates": [105.23115, -5.54912]}}, {"type": "Feature", "properties": {"s": "layak", "t1": 17212, "t2": 10776}, "geometry": {"type": "Point", "coordinates": [105.231317, -5.549484]}}, {"type": "Feature", "properties": {"s": "layak", "t1": 17743, "t2": 10776}, "geometry": {"type": "Point", "coordinates": [105.231561, -5.54972]}}, {"type": "Feature", "properties": {"s": "layak", "t1": 18457, "t2": 10776}, "geometry": {"type": "Point", "coordinates": [105.23192, -5.550009]}}, {"type": "Feature", "properties": {"s": "layak", "t1": 19001, "t2": 10776}, "geometry": {"type": "Point", "coordinates": [105.232275, -5.550181]}}, {"type": "Feature", "properties": {"s": "layak", "t1": 19554, "t2": 10776}, "geometry": {"type": "Point", "coordinates": [105.23266, -5.550373]}}, {"type": "Feature", "properties": {"s": "layak", "t1": 20002, "t2": 10776}, "geometry": {"type": "Point", "coordinates": [105.233082, -5.550641]}}, {"type": "Feature", "properties": {"s": "layak", "t1": 20265, "t2": 10776}, "geometry": {"type": "Point", "coordinates": [105.23331, -5.550828]}}, {"type": "Feature", "properties": {"s": "layak", "t1": 20481, "t2": 10758}, "geometry": {"type": "Point", "coordinates": [105.2335, -5.550979]}}, {"type": "Feature", "properties": {"s": "layak", "t1": 20813, "t2": 10695}, "geometry": {"type": "Point", "coordinates": [105.233901, -5.55113]}}, {"type": "Feature", "properties": {"s": "layak", "t1": 21044, "t2": 10618}, "geometry": {"type": "Point", "coordinates": [105.234237, -5.551217]}}, {"type": "Feature", "properties": {"s": "layak", "t1": 21158, "t2": 10568}, "geometry": {"type": "Point", "coordinates": [105.234464, -5.551236]}}, {"type": "Feature", "properties": {"s": "layak", "t1": 21458, "t2": 10533}, "geometry": {"type": "Point", "coordinates": [105.234695, -5.551431]}}, {"type": "Feature", "properties": {"s": "layak", "t1": 22283, "t2": 10636}, "geometry": {"type": "Point", "coordinates": [105.23497, -5.551806]}}, {"type": "Feature", "properties": {"s": "layak", "t1": 23128, "t2": 10718}, "geometry": {"type": "Point", "coordinates": [105.235271, -5.552177]}}, {"type": "Feature", "properties": {"s": "layak", "t1": 23976, "t2": 10771}, "geometry": {"type": "Point", "coordinates": [105.235554, -5.552563]}}, {"type": "Feature", "properties": {"s": "layak", "t1": 24780, "t2": 10821}, "geometry": {"type": "Point", "coordinates": [105.235816, -5.552934]}}, {"type": "Feature", "properties": {"s": "layak", "t1": 25633, "t2": 10874}, "geometry": {"type": "Point", "coordinates": [105.236036, -5.553363]}}, {"type": "Feature", "properties": {"s": "layak", "t1": 26385, "t2": 10921}, "geometry": {"type": "Point", "coordinates": [105.23623, -5.553741]}}, {"type": "Feature", "properties": {"s": "tutupan"}, "geometry": {"type": "Point", "coordinates": [105.236411, -5.554085]}}, {"type": "Feature", "properties": {"s": "dekat"}, "geometry": {"type": "Point", "coordinates": [105.24395, -5.55117]}}, {"type": "Feature", "properties": {"s": "dekat"}, "geometry": {"type": "Point", "coordinates": [105.244259, -5.551465]}}, {"type": "Feature", "properties": {"s": "dekat"}, "geometry": {"type": "Point", "coordinates": [105.244593, -5.551736]}}, {"type": "Feature", "properties": {"s": "dekat"}, "geometry": {"type": "Point", "coordinates": [105.24499, -5.551918]}}, {"type": "Feature", "properties": {"s": "layak", "t1": 38304, "t2": 11505}, "geometry": {"type": "Point", "coordinates": [105.245377, -5.552022]}}, {"type": "Feature", "properties": {"s": "layak", "t1": 38345, "t2": 11546}, "geometry": {"type": "Point", "coordinates": [105.245584, -5.551925]}}, {"type": "Feature", "properties": {"s": "kes"}, "geometry": {"type": "Point", "coordinates": [105.245721, -5.551647]}}, {"type": "Feature", "properties": {"s": "kes"}, "geometry": {"type": "Point", "coordinates": [105.24598, -5.551301]}}, {"type": "Feature", "properties": {"s": "kes"}, "geometry": {"type": "Point", "coordinates": [105.246395, -5.551091]}}, {"type": "Feature", "properties": {"s": "kes"}, "geometry": {"type": "Point", "coordinates": [105.246889, -5.550887]}}, {"type": "Feature", "properties": {"s": "kes"}, "geometry": {"type": "Point", "coordinates": [105.247276, -5.550642]}}, {"type": "Feature", "properties": {"s": "kes"}, "geometry": {"type": "Point", "coordinates": [105.247666, -5.55042]}}, {"type": "Feature", "properties": {"s": "kes"}, "geometry": {"type": "Point", "coordinates": [105.248037, -5.550251]}}, {"type": "Feature", "properties": {"s": "kes"}, "geometry": {"type": "Point", "coordinates": [105.248427, -5.550135]}}, {"type": "Feature", "properties": {"s": "kes"}, "geometry": {"type": "Point", "coordinates": [105.248778, -5.54998]}}, {"type": "Feature", "properties": {"s": "kes"}, "geometry": {"type": "Point", "coordinates": [105.248948, -5.549857]}}, {"type": "Feature", "properties": {"s": "kes"}, "geometry": {"type": "Point", "coordinates": [105.24918, -5.549916]}}, {"type": "Feature", "properties": {"s": "kes"}, "geometry": {"type": "Point", "coordinates": [105.249441, -5.550157]}}, {"type": "Feature", "properties": {"s": "kes"}, "geometry": {"type": "Point", "coordinates": [105.249668, -5.550375]}}, {"type": "Feature", "properties": {"s": "kes"}, "geometry": {"type": "Point", "coordinates": [105.249946, -5.550656]}}, {"type": "Feature", "properties": {"s": "kes"}, "geometry": {"type": "Point", "coordinates": [105.24999, -5.550992]}}, {"type": "Feature", "properties": {"s": "kes"}, "geometry": {"type": "Point", "coordinates": [105.25006, -5.551366]}}, {"type": "Feature", "properties": {"s": "kes"}, "geometry": {"type": "Point", "coordinates": [105.250325, -5.551545]}}, {"type": "Feature", "properties": {"s": "kes"}, "geometry": {"type": "Point", "coordinates": [105.250605, -5.551683]}}, {"type": "Feature", "properties": {"s": "kes"}, "geometry": {"type": "Point", "coordinates": [105.250762, -5.551855]}}, {"type": "Feature", "properties": {"s": "layak", "t1": 38476, "t2": 11677}, "geometry": {"type": "Point", "coordinates": [105.250711, -5.552269]}}, {"type": "Feature", "properties": {"s": "kes"}, "geometry": {"type": "Point", "coordinates": [105.250753, -5.552493]}}, {"type": "Feature", "properties": {"s": "kes"}, "geometry": {"type": "Point", "coordinates": [105.250832, -5.552545]}}, {"type": "Feature", "properties": {"s": "kes"}, "geometry": {"type": "Point", "coordinates": [105.250892, -5.552513]}}, {"type": "Feature", "properties": {"s": "kes"}, "geometry": {"type": "Point", "coordinates": [105.251036, -5.552216]}}, {"type": "Feature", "properties": {"s": "kes"}, "geometry": {"type": "Point", "coordinates": [105.251317, -5.551885]}}, {"type": "Feature", "properties": {"s": "kes"}, "geometry": {"type": "Point", "coordinates": [105.25167, -5.551666]}}, {"type": "Feature", "properties": {"s": "kes"}, "geometry": {"type": "Point", "coordinates": [105.251999, -5.551659]}}, {"type": "Feature", "properties": {"s": "kes"}, "geometry": {"type": "Point", "coordinates": [105.252486, -5.551606]}}, {"type": "Feature", "properties": {"s": "tutupan"}, "geometry": {"type": "Point", "coordinates": [105.252772, -5.551471]}}, {"type": "Feature", "properties": {"s": "tutupan"}, "geometry": {"type": "Point", "coordinates": [105.252853, -5.551319]}}, {"type": "Feature", "properties": {"s": "layak", "t1": 38476, "t2": 11677}, "geometry": {"type": "Point", "coordinates": [105.252758, -5.551162]}}, {"type": "Feature", "properties": {"s": "layak", "t1": 38476, "t2": 11677}, "geometry": {"type": "Point", "coordinates": [105.252346, -5.550876]}}, {"type": "Feature", "properties": {"s": "layak", "t1": 38476, "t2": 11677}, "geometry": {"type": "Point", "coordinates": [105.252054, -5.550633]}}, {"type": "Feature", "properties": {"s": "kes"}, "geometry": {"type": "Point", "coordinates": [105.252, -5.550293]}}, {"type": "Feature", "properties": {"s": "kes"}, "geometry": {"type": "Point", "coordinates": [105.251954, -5.549919]}}, {"type": "Feature", "properties": {"s": "kes"}, "geometry": {"type": "Point", "coordinates": [105.251728, -5.549547]}}, {"type": "Feature", "properties": {"s": "layak", "t1": 38476, "t2": 11677}, "geometry": {"type": "Point", "coordinates": [105.251427, -5.549253]}}, {"type": "Feature", "properties": {"s": "kes"}, "geometry": {"type": "Point", "coordinates": [105.251123, -5.549163]}}, {"type": "Feature", "properties": {"s": "tutupan"}, "geometry": {"type": "Point", "coordinates": [105.250768, -5.548876]}}, {"type": "Feature", "properties": {"s": "tutupan"}, "geometry": {"type": "Point", "coordinates": [105.250442, -5.548582]}}, {"type": "Feature", "properties": {"s": "tutupan"}, "geometry": {"type": "Point", "coordinates": [105.250141, -5.548221]}}, {"type": "Feature", "properties": {"s": "kes"}, "geometry": {"type": "Point", "coordinates": [105.249906, -5.547838]}}, {"type": "Feature", "properties": {"s": "tutupan"}, "geometry": {"type": "Point", "coordinates": [105.249661, -5.547485]}}, {"type": "Feature", "properties": {"s": "layak", "t1": 38476, "t2": 11677}, "geometry": {"type": "Point", "coordinates": [105.24945, -5.547238]}}, {"type": "Feature", "properties": {"s": "layak", "t1": 38476, "t2": 11677}, "geometry": {"type": "Point", "coordinates": [105.249229, -5.547193]}}, {"type": "Feature", "properties": {"s": "layak", "t1": 38476, "t2": 11677}, "geometry": {"type": "Point", "coordinates": [105.248858, -5.547289]}}, {"type": "Feature", "properties": {"s": "dekat"}, "geometry": {"type": "Point", "coordinates": [105.244124, -5.551344]}}, {"type": "Feature", "properties": {"s": "dekat"}, "geometry": {"type": "Point", "coordinates": [105.244461, -5.551646]}}, {"type": "Feature", "properties": {"s": "dekat"}, "geometry": {"type": "Point", "coordinates": [105.244824, -5.551853]}}, {"type": "Feature", "properties": {"s": "layak", "t1": 38283, "t2": 11484}, "geometry": {"type": "Point", "coordinates": [105.245284, -5.552016]}}, {"type": "Feature", "properties": {"s": "layak", "t1": 38335, "t2": 11536}, "geometry": {"type": "Point", "coordinates": [105.24551, -5.551982]}}, {"type": "Feature", "properties": {"s": "layak", "t1": 38361, "t2": 11562}, "geometry": {"type": "Point", "coordinates": [105.245658, -5.551808]}}, {"type": "Feature", "properties": {"s": "kes"}, "geometry": {"type": "Point", "coordinates": [105.245813, -5.551449]}}, {"type": "Feature", "properties": {"s": "kes"}, "geometry": {"type": "Point", "coordinates": [105.246221, -5.551153]}}, {"type": "Feature", "properties": {"s": "kes"}, "geometry": {"type": "Point", "coordinates": [105.246667, -5.550992]}}, {"type": "Feature", "properties": {"s": "kes"}, "geometry": {"type": "Point", "coordinates": [105.247121, -5.550723]}}, {"type": "Feature", "properties": {"s": "kes"}, "geometry": {"type": "Point", "coordinates": [105.247532, -5.550491]}}, {"type": "Feature", "properties": {"s": "kes"}, "geometry": {"type": "Point", "coordinates": [105.247877, -5.550329]}}, {"type": "Feature", "properties": {"s": "kes"}, "geometry": {"type": "Point", "coordinates": [105.24827, -5.550157]}}, {"type": "Feature", "properties": {"s": "kes"}, "geometry": {"type": "Point", "coordinates": [105.248657, -5.55007]}}, {"type": "Feature", "properties": {"s": "kes"}, "geometry": {"type": "Point", "coordinates": [105.248892, -5.549876]}}, {"type": "Feature", "properties": {"s": "kes"}, "geometry": {"type": "Point", "coordinates": [105.249036, -5.549863]}}, {"type": "Feature", "properties": {"s": "kes"}, "geometry": {"type": "Point", "coordinates": [105.249312, -5.550015]}}, {"type": "Feature", "properties": {"s": "kes"}, "geometry": {"type": "Point", "coordinates": [105.249573, -5.550303]}}, {"type": "Feature", "properties": {"s": "kes"}, "geometry": {"type": "Point", "coordinates": [105.249909, -5.550587]}}, {"type": "Feature", "properties": {"s": "kes"}, "geometry": {"type": "Point", "coordinates": [105.249972, -5.550804]}}, {"type": "Feature", "properties": {"s": "kes"}, "geometry": {"type": "Point", "coordinates": [105.250004, -5.551221]}}, {"type": "Feature", "properties": {"s": "layak", "t1": 38476, "t2": 11677}, "geometry": {"type": "Point", "coordinates": [105.250176, -5.551523]}}, {"type": "Feature", "properties": {"s": "kes"}, "geometry": {"type": "Point", "coordinates": [105.250463, -5.55159]}}, {"type": "Feature", "properties": {"s": "kes"}, "geometry": {"type": "Point", "coordinates": [105.250726, -5.551786]}}, {"type": "Feature", "properties": {"s": "kes"}, "geometry": {"type": "Point", "coordinates": [105.250755, -5.552075]}}, {"type": "Feature", "properties": {"s": "layak", "t1": 38476, "t2": 11677}, "geometry": {"type": "Point", "coordinates": [105.250718, -5.552407]}}, {"type": "Feature", "properties": {"s": "kes"}, "geometry": {"type": "Point", "coordinates": [105.250805, -5.552543]}}, {"type": "Feature", "properties": {"s": "kes"}, "geometry": {"type": "Point", "coordinates": [105.250871, -5.552532]}}, {"type": "Feature", "properties": {"s": "kes"}, "geometry": {"type": "Point", "coordinates": [105.250968, -5.552358]}}, {"type": "Feature", "properties": {"s": "kes"}, "geometry": {"type": "Point", "coordinates": [105.251206, -5.551998]}}, {"type": "Feature", "properties": {"s": "kes"}, "geometry": {"type": "Point", "coordinates": [105.251572, -5.551701]}}, {"type": "Feature", "properties": {"s": "kes"}, "geometry": {"type": "Point", "coordinates": [105.251824, -5.551658]}}, {"type": "Feature", "properties": {"s": "kes"}, "geometry": {"type": "Point", "coordinates": [105.252303, -5.551648]}}, {"type": "Feature", "properties": {"s": "kes"}, "geometry": {"type": "Point", "coordinates": [105.252684, -5.551528]}}, {"type": "Feature", "properties": {"s": "tutupan"}, "geometry": {"type": "Point", "coordinates": [105.25284, -5.551386]}}, {"type": "Feature", "properties": {"s": "layak", "t1": 38476, "t2": 11677}, "geometry": {"type": "Point", "coordinates": [105.252821, -5.551218]}}, {"type": "Feature", "properties": {"s": "layak", "t1": 38476, "t2": 11677}, "geometry": {"type": "Point", "coordinates": [105.252498, -5.550981]}}, {"type": "Feature", "properties": {"s": "layak", "t1": 38476, "t2": 11677}, "geometry": {"type": "Point", "coordinates": [105.25213, -5.550729]}}, {"type": "Feature", "properties": {"s": "kes"}, "geometry": {"type": "Point", "coordinates": [105.252019, -5.55049]}}, {"type": "Feature", "properties": {"s": "kes"}, "geometry": {"type": "Point", "coordinates": [105.25198, -5.550055]}}, {"type": "Feature", "properties": {"s": "kes"}, "geometry": {"type": "Point", "coordinates": [105.251847, -5.549705]}}, {"type": "Feature", "properties": {"s": "layak", "t1": 38476, "t2": 11677}, "geometry": {"type": "Point", "coordinates": [105.251545, -5.549351]}}, {"type": "Feature", "properties": {"s": "kes"}, "geometry": {"type": "Point", "coordinates": [105.251248, -5.549193]}}, {"type": "Feature", "properties": {"s": "tutupan"}, "geometry": {"type": "Point", "coordinates": [105.250904, -5.549005]}}, {"type": "Feature", "properties": {"s": "tutupan"}, "geometry": {"type": "Point", "coordinates": [105.250576, -5.548706]}}, {"type": "Feature", "properties": {"s": "tutupan"}, "geometry": {"type": "Point", "coordinates": [105.25024, -5.548369]}}, {"type": "Feature", "properties": {"s": "tutupan"}, "geometry": {"type": "Point", "coordinates": [105.250012, -5.54801]}}, {"type": "Feature", "properties": {"s": "layak", "t1": 38476, "t2": 11677}, "geometry": {"type": "Point", "coordinates": [105.249764, -5.547625]}}, {"type": "Feature", "properties": {"s": "tutupan"}, "geometry": {"type": "Point", "coordinates": [105.24952, -5.547296]}}, {"type": "Feature", "properties": {"s": "layak", "t1": 38476, "t2": 11677}, "geometry": {"type": "Point", "coordinates": [105.249321, -5.547193]}}, {"type": "Feature", "properties": {"s": "layak", "t1": 38476, "t2": 11677}, "geometry": {"type": "Point", "coordinates": [105.248911, -5.547246]}}, {"type": "Feature", "properties": {"s": "layak", "t1": 11887, "t2": 11326}, "geometry": {"type": "Point", "coordinates": [105.226966, -5.545138]}}, {"type": "Feature", "properties": {"s": "layak", "t1": 12123, "t2": 11391}, "geometry": {"type": "Point", "coordinates": [105.22696, -5.545328]}}, {"type": "Feature", "properties": {"s": "layak", "t1": 12623, "t2": 11403}, "geometry": {"type": "Point", "coordinates": [105.227099, -5.545713]}}, {"type": "Feature", "properties": {"s": "layak", "t1": 12990, "t2": 11336}, "geometry": {"type": "Point", "coordinates": [105.227063, -5.546009]}}, {"type": "Feature", "properties": {"s": "layak", "t1": 13574, "t2": 11307}, "geometry": {"type": "Point", "coordinates": [105.226936, -5.546416]}}, {"type": "Feature", "properties": {"s": "layak", "t1": 14132, "t2": 11307}, "geometry": {"type": "Point", "coordinates": [105.226765, -5.546763]}}, {"type": "Feature", "properties": {"s": "dekat"}, "geometry": {"type": "Point", "coordinates": [105.244375, -5.551358]}}, {"type": "Feature", "properties": {"s": "dekat"}, "geometry": {"type": "Point", "coordinates": [105.24481, -5.551415]}}, {"type": "Feature", "properties": {"s": "layak", "t1": 38226, "t2": 11427}, "geometry": {"type": "Point", "coordinates": [105.245223, -5.551511]}}, {"type": "Feature", "properties": {"s": "layak", "t1": 38329, "t2": 11530}, "geometry": {"type": "Point", "coordinates": [105.245678, -5.551525]}}, {"type": "Feature", "properties": {"s": "dekat"}, "geometry": {"type": "Point", "coordinates": [105.246376, -5.548593]}}, {"type": "Feature", "properties": {"s": "layak", "t1": 38319, "t2": 11520}, "geometry": {"type": "Point", "coordinates": [105.246598, -5.548359]}}, {"type": "Feature", "properties": {"s": "layak", "t1": 38436, "t2": 11637}, "geometry": {"type": "Point", "coordinates": [105.246777, -5.547979]}}, {"type": "Feature", "properties": {"s": "layak", "t1": 38430, "t2": 11631}, "geometry": {"type": "Point", "coordinates": [105.246933, -5.547736]}}, {"type": "Feature", "properties": {"s": "tutupan"}, "geometry": {"type": "Point", "coordinates": [105.247132, -5.547571]}}, {"type": "Feature", "properties": {"s": "layak", "t1": 16275, "t2": 11180}, "geometry": {"type": "Point", "coordinates": [105.230751, -5.546425]}}, {"type": "Feature", "properties": {"s": "layak", "t1": 17087, "t2": 11282}, "geometry": {"type": "Point", "coordinates": [105.231165, -5.546236]}}, {"type": "Feature", "properties": {"s": "layak", "t1": 17743, "t2": 11364}, "geometry": {"type": "Point", "coordinates": [105.231534, -5.546215]}}, {"type": "Feature", "properties": {"s": "layak", "t1": 18294, "t2": 11432}, "geometry": {"type": "Point", "coordinates": [105.231837, -5.546155]}}, {"type": "Feature", "properties": {"s": "layak", "t1": 18993, "t2": 11520}, "geometry": {"type": "Point", "coordinates": [105.232221, -5.546191]}}, {"type": "Feature", "properties": {"s": "layak", "t1": 19640, "t2": 11601}, "geometry": {"type": "Point", "coordinates": [105.232563, -5.546307]}}, {"type": "Feature", "properties": {"s": "layak", "t1": 20154, "t2": 11650}, "geometry": {"type": "Point", "coordinates": [105.232855, -5.546365]}}, {"type": "Feature", "properties": {"s": "layak", "t1": 20954, "t2": 11677}, "geometry": {"type": "Point", "coordinates": [105.233293, -5.54656]}}, {"type": "Feature", "properties": {"s": "layak", "t1": 21213, "t2": 11677}, "geometry": {"type": "Point", "coordinates": [105.233438, -5.546615]}}, {"type": "Feature", "properties": {"s": "layak", "t1": 21275, "t2": 11677}, "geometry": {"type": "Point", "coordinates": [105.233478, -5.546605]}}, {"type": "Feature", "properties": {"s": "layak", "t1": 21457, "t2": 11677}, "geometry": {"type": "Point", "coordinates": [105.233552, -5.546514]}}, {"type": "Feature", "properties": {"s": "layak", "t1": 22169, "t2": 11677}, "geometry": {"type": "Point", "coordinates": [105.233859, -5.546216]}}, {"type": "Feature", "properties": {"s": "layak", "t1": 22895, "t2": 11677}, "geometry": {"type": "Point", "coordinates": [105.234182, -5.545926]}}, {"type": "Feature", "properties": {"s": "layak", "t1": 23681, "t2": 11677}, "geometry": {"type": "Point", "coordinates": [105.234609, -5.545725]}}, {"type": "Feature", "properties": {"s": "layak", "t1": 24330, "t2": 11677}, "geometry": {"type": "Point", "coordinates": [105.23491, -5.545485]}}, {"type": "Feature", "properties": {"s": "layak", "t1": 24858, "t2": 11677}, "geometry": {"type": "Point", "coordinates": [105.235189, -5.545346]}}, {"type": "Feature", "properties": {"s": "layak", "t1": 25576, "t2": 11677}, "geometry": {"type": "Point", "coordinates": [105.235567, -5.545141]}}, {"type": "Feature", "properties": {"s": "layak", "t1": 26138, "t2": 11677}, "geometry": {"type": "Point", "coordinates": [105.235803, -5.544898]}}, {"type": "Feature", "properties": {"s": "layak", "t1": 26788, "t2": 11677}, "geometry": {"type": "Point", "coordinates": [105.236088, -5.54463]}}, {"type": "Feature", "properties": {"s": "layak", "t1": 27187, "t2": 11677}, "geometry": {"type": "Point", "coordinates": [105.236281, -5.544506]}}, {"type": "Feature", "properties": {"s": "kes"}, "geometry": {"type": "Point", "coordinates": [105.237052, -5.544732]}}, {"type": "Feature", "properties": {"s": "kes"}, "geometry": {"type": "Point", "coordinates": [105.237366, -5.544839]}}, {"type": "Feature", "properties": {"s": "kes"}, "geometry": {"type": "Point", "coordinates": [105.237704, -5.545119]}}, {"type": "Feature", "properties": {"s": "kes"}, "geometry": {"type": "Point", "coordinates": [105.237832, -5.545506]}}, {"type": "Feature", "properties": {"s": "kes"}, "geometry": {"type": "Point", "coordinates": [105.238124, -5.545788]}}, {"type": "Feature", "properties": {"s": "kes"}, "geometry": {"type": "Point", "coordinates": [105.238482, -5.545927]}}, {"type": "Feature", "properties": {"s": "kes"}, "geometry": {"type": "Point", "coordinates": [105.23878, -5.546076]}}, {"type": "Feature", "properties": {"s": "kes"}, "geometry": {"type": "Point", "coordinates": [105.239094, -5.546093]}}, {"type": "Feature", "properties": {"s": "kes"}, "geometry": {"type": "Point", "coordinates": [105.23937, -5.546112]}}, {"type": "Feature", "properties": {"s": "kes"}, "geometry": {"type": "Point", "coordinates": [105.239627, -5.546086]}}, {"type": "Feature", "properties": {"s": "kes"}, "geometry": {"type": "Point", "coordinates": [105.239933, -5.545822]}}, {"type": "Feature", "properties": {"s": "kes"}, "geometry": {"type": "Point", "coordinates": [105.240113, -5.545564]}}, {"type": "Feature", "properties": {"s": "kes"}, "geometry": {"type": "Point", "coordinates": [105.24042, -5.545502]}}, {"type": "Feature", "properties": {"s": "dekat"}, "geometry": {"type": "Point", "coordinates": [105.240722, -5.545661]}}, {"type": "Feature", "properties": {"s": "dekat"}, "geometry": {"type": "Point", "coordinates": [105.240905, -5.545848]}}, {"type": "Feature", "properties": {"s": "dekat"}, "geometry": {"type": "Point", "coordinates": [105.241176, -5.545953]}}, {"type": "Feature", "properties": {"s": "dekat"}, "geometry": {"type": "Point", "coordinates": [105.241395, -5.546225]}}, {"type": "Feature", "properties": {"s": "dekat"}, "geometry": {"type": "Point", "coordinates": [105.241538, -5.546401]}}, {"type": "Feature", "properties": {"s": "dekat"}, "geometry": {"type": "Point", "coordinates": [105.241643, -5.546411]}}, {"type": "Feature", "properties": {"s": "dekat"}, "geometry": {"type": "Point", "coordinates": [105.241773, -5.546264]}}, {"type": "Feature", "properties": {"s": "dekat"}, "geometry": {"type": "Point", "coordinates": [105.241922, -5.546106]}}, {"type": "Feature", "properties": {"s": "dekat"}, "geometry": {"type": "Point", "coordinates": [105.242229, -5.546036]}}, {"type": "Feature", "properties": {"s": "dekat"}, "geometry": {"type": "Point", "coordinates": [105.242606, -5.5459]}}, {"type": "Feature", "properties": {"s": "dekat"}, "geometry": {"type": "Point", "coordinates": [105.242904, -5.552013]}}, {"type": "Feature", "properties": {"s": "dekat"}, "geometry": {"type": "Point", "coordinates": [105.243198, -5.552199]}}, {"type": "Feature", "properties": {"s": "dekat"}, "geometry": {"type": "Point", "coordinates": [105.243497, -5.552413]}}, {"type": "Feature", "properties": {"s": "dekat"}, "geometry": {"type": "Point", "coordinates": [105.243857, -5.552717]}}, {"type": "Feature", "properties": {"s": "dekat"}, "geometry": {"type": "Point", "coordinates": [105.244178, -5.553065]}}, {"type": "Feature", "properties": {"s": "dekat"}, "geometry": {"type": "Point", "coordinates": [105.244339, -5.553292]}}, {"type": "Feature", "properties": {"s": "dekat"}, "geometry": {"type": "Point", "coordinates": [105.244634, -5.553481]}}, {"type": "Feature", "properties": {"s": "dekat"}, "geometry": {"type": "Point", "coordinates": [105.244879, -5.553663]}}, {"type": "Feature", "properties": {"s": "layak", "t1": 37865, "t2": 11065}, "geometry": {"type": "Point", "coordinates": [105.245215, -5.553957]}}, {"type": "Feature", "properties": {"s": "kes"}, "geometry": {"type": "Point", "coordinates": [105.245513, -5.554198]}}, {"type": "Feature", "properties": {"s": "layak", "t1": 37865, "t2": 11065}, "geometry": {"type": "Point", "coordinates": [105.245666, -5.554396]}}, {"type": "Feature", "properties": {"s": "layak", "t1": 37822, "t2": 11022}, "geometry": {"type": "Point", "coordinates": [105.245711, -5.554783]}}, {"type": "Feature", "properties": {"s": "layak", "t1": 37769, "t2": 10970}, "geometry": {"type": "Point", "coordinates": [105.245905, -5.555213]}}, {"type": "Feature", "properties": {"s": "layak", "t1": 37740, "t2": 10941}, "geometry": {"type": "Point", "coordinates": [105.246101, -5.555386]}}, {"type": "Feature", "properties": {"s": "layak", "t1": 37709, "t2": 10910}, "geometry": {"type": "Point", "coordinates": [105.246311, -5.555572]}}, {"type": "Feature", "properties": {"s": "layak", "t1": 37684, "t2": 10884}, "geometry": {"type": "Point", "coordinates": [105.246455, -5.555748]}}, {"type": "Feature", "properties": {"s": "kes"}, "geometry": {"type": "Point", "coordinates": [105.246654, -5.556002]}}, {"type": "Feature", "properties": {"s": "kes"}, "geometry": {"type": "Point", "coordinates": [105.246805, -5.556262]}}, {"type": "Feature", "properties": {"s": "kes"}, "geometry": {"type": "Point", "coordinates": [105.246924, -5.556448]}}, {"type": "Feature", "properties": {"s": "kes"}, "geometry": {"type": "Point", "coordinates": [105.247028, -5.556576]}}, {"type": "Feature", "properties": {"s": "kes"}, "geometry": {"type": "Point", "coordinates": [105.247237, -5.556748]}}, {"type": "Feature", "properties": {"s": "kes"}, "geometry": {"type": "Point", "coordinates": [105.247612, -5.55705]}}, {"type": "Feature", "properties": {"s": "kes"}, "geometry": {"type": "Point", "coordinates": [105.248068, -5.557233]}}, {"type": "Feature", "properties": {"s": "kes"}, "geometry": {"type": "Point", "coordinates": [105.248509, -5.557311]}}, {"type": "Feature", "properties": {"s": "kes"}, "geometry": {"type": "Point", "coordinates": [105.248965, -5.557345]}}, {"type": "Feature", "properties": {"s": "kes"}, "geometry": {"type": "Point", "coordinates": [105.249222, -5.557403]}}, {"type": "Feature", "properties": {"s": "kes"}, "geometry": {"type": "Point", "coordinates": [105.249438, -5.557471]}}, {"type": "Feature", "properties": {"s": "kes"}, "geometry": {"type": "Point", "coordinates": [105.249561, -5.557569]}}, {"type": "Feature", "properties": {"s": "kes"}, "geometry": {"type": "Point", "coordinates": [105.249727, -5.557755]}}, {"type": "Feature", "properties": {"s": "kes"}, "geometry": {"type": "Point", "coordinates": [105.249784, -5.558066]}}, {"type": "Feature", "properties": {"s": "kes"}, "geometry": {"type": "Point", "coordinates": [105.249879, -5.558343]}}, {"type": "Feature", "properties": {"s": "kes"}, "geometry": {"type": "Point", "coordinates": [105.249936, -5.558527]}}, {"type": "Feature", "properties": {"s": "kes"}, "geometry": {"type": "Point", "coordinates": [105.250091, -5.558729]}}, {"type": "Feature", "properties": {"s": "kes"}, "geometry": {"type": "Point", "coordinates": [105.250416, -5.559091]}}, {"type": "Feature", "properties": {"s": "kes"}, "geometry": {"type": "Point", "coordinates": [105.250604, -5.559224]}}, {"type": "Feature", "properties": {"s": "kes"}, "geometry": {"type": "Point", "coordinates": [105.250825, -5.559167]}}, {"type": "Feature", "properties": {"s": "kes"}, "geometry": {"type": "Point", "coordinates": [105.251181, -5.559162]}}, {"type": "Feature", "properties": {"s": "kes"}, "geometry": {"type": "Point", "coordinates": [105.251485, -5.558937]}}, {"type": "Feature", "properties": {"s": "kes"}, "geometry": {"type": "Point", "coordinates": [105.251683, -5.558742]}}, {"type": "Feature", "properties": {"s": "kes"}, "geometry": {"type": "Point", "coordinates": [105.252053, -5.558869]}}, {"type": "Feature", "properties": {"s": "kes"}, "geometry": {"type": "Point", "coordinates": [105.252357, -5.559003]}}, {"type": "Feature", "properties": {"s": "kes"}, "geometry": {"type": "Point", "coordinates": [105.252594, -5.559243]}}, {"type": "Feature", "properties": {"s": "kes"}, "geometry": {"type": "Point", "coordinates": [105.252736, -5.559127]}}, {"type": "Feature", "properties": {"s": "kes"}, "geometry": {"type": "Point", "coordinates": [105.252705, -5.559026]}}, {"type": "Feature", "properties": {"s": "kes"}, "geometry": {"type": "Point", "coordinates": [105.25252, -5.558697]}}, {"type": "Feature", "properties": {"s": "layak", "t1": 38476, "t2": 11677}, "geometry": {"type": "Point", "coordinates": [105.252629, -5.558397]}}, {"type": "Feature", "properties": {"s": "layak", "t1": 38476, "t2": 11677}, "geometry": {"type": "Point", "coordinates": [105.252497, -5.558192]}}, {"type": "Feature", "properties": {"s": "layak", "t1": 38476, "t2": 11677}, "geometry": {"type": "Point", "coordinates": [105.252291, -5.557932]}}, {"type": "Feature", "properties": {"s": "layak", "t1": 38476, "t2": 11677}, "geometry": {"type": "Point", "coordinates": [105.252151, -5.557748]}}, {"type": "Feature", "properties": {"s": "layak", "t1": 38476, "t2": 11677}, "geometry": {"type": "Point", "coordinates": [105.252054, -5.557631]}}, {"type": "Feature", "properties": {"s": "layak", "t1": 38476, "t2": 11677}, "geometry": {"type": "Point", "coordinates": [105.251973, -5.557501]}}, {"type": "Feature", "properties": {"s": "layak", "t1": 38476, "t2": 11677}, "geometry": {"type": "Point", "coordinates": [105.25195, -5.557264]}}, {"type": "Feature", "properties": {"s": "layak", "t1": 38476, "t2": 11677}, "geometry": {"type": "Point", "coordinates": [105.251898, -5.557036]}}, {"type": "Feature", "properties": {"s": "layak", "t1": 38476, "t2": 11677}, "geometry": {"type": "Point", "coordinates": [105.251868, -5.55674]}}, {"type": "Feature", "properties": {"s": "layak", "t1": 38476, "t2": 11677}, "geometry": {"type": "Point", "coordinates": [105.251835, -5.556428]}}, {"type": "Feature", "properties": {"s": "layak", "t1": 38476, "t2": 11677}, "geometry": {"type": "Point", "coordinates": [105.251823, -5.556036]}}, {"type": "Feature", "properties": {"s": "layak", "t1": 38476, "t2": 11677}, "geometry": {"type": "Point", "coordinates": [105.251896, -5.555701]}}, {"type": "Feature", "properties": {"s": "layak", "t1": 38476, "t2": 11677}, "geometry": {"type": "Point", "coordinates": [105.252006, -5.555403]}}, {"type": "Feature", "properties": {"s": "tutupan"}, "geometry": {"type": "Point", "coordinates": [105.252112, -5.555175]}}, {"type": "Feature", "properties": {"s": "kes"}, "geometry": {"type": "Point", "coordinates": [105.252266, -5.554923]}}, {"type": "Feature", "properties": {"s": "tutupan"}, "geometry": {"type": "Point", "coordinates": [105.252509, -5.554519]}}, {"type": "Feature", "properties": {"s": "kes"}, "geometry": {"type": "Point", "coordinates": [105.252686, -5.554286]}}, {"type": "Feature", "properties": {"s": "kes"}, "geometry": {"type": "Point", "coordinates": [105.252845, -5.554084]}}, {"type": "Feature", "properties": {"s": "kes"}, "geometry": {"type": "Point", "coordinates": [105.252963, -5.553874]}}, {"type": "Feature", "properties": {"s": "kes"}, "geometry": {"type": "Point", "coordinates": [105.253117, -5.553574]}}, {"type": "Feature", "properties": {"s": "kes"}, "geometry": {"type": "Point", "coordinates": [105.253141, -5.553257]}}, {"type": "Feature", "properties": {"s": "kes"}, "geometry": {"type": "Point", "coordinates": [105.253078, -5.552814]}}, {"type": "Feature", "properties": {"s": "layak", "t1": 38476, "t2": 11677}, "geometry": {"type": "Point", "coordinates": [105.25072, -5.548562]}}, {"type": "Feature", "properties": {"s": "layak", "t1": 14579, "t2": 10667}, "geometry": {"type": "Point", "coordinates": [105.224362, -5.544119]}}, {"type": "Feature", "properties": {"s": "layak", "t1": 14886, "t2": 10639}, "geometry": {"type": "Point", "coordinates": [105.22413, -5.544028]}}, {"type": "Feature", "properties": {"s": "layak", "t1": 15145, "t2": 10616}, "geometry": {"type": "Point", "coordinates": [105.223934, -5.544099]}}, {"type": "Feature", "properties": {"s": "layak", "t1": 15360, "t2": 10596}, "geometry": {"type": "Point", "coordinates": [105.22376, -5.544053]}}, {"type": "Feature", "properties": {"s": "layak", "t1": 15675, "t2": 10567}, "geometry": {"type": "Point", "coordinates": [105.223548, -5.54391]}}, {"type": "Feature", "properties": {"s": "layak", "t1": 15979, "t2": 10539}, "geometry": {"type": "Point", "coordinates": [105.223315, -5.543821]}}, {"type": "Feature", "properties": {"s": "layak", "t1": 16238, "t2": 10516}, "geometry": {"type": "Point", "coordinates": [105.223106, -5.543824]}}, {"type": "Feature", "properties": {"s": "layak", "t1": 16495, "t2": 10492}, "geometry": {"type": "Point", "coordinates": [105.222898, -5.543843]}}, {"type": "Feature", "properties": {"s": "layak", "t1": 16605, "t2": 10482}, "geometry": {"type": "Point", "coordinates": [105.222808, -5.543847]}}, {"type": "Feature", "properties": {"s": "layak", "t1": 16768, "t2": 10468}, "geometry": {"type": "Point", "coordinates": [105.222674, -5.543839]}}, {"type": "Feature", "properties": {"s": "layak", "t1": 17214, "t2": 10477}, "geometry": {"type": "Point", "coordinates": [105.22235, -5.543787]}}, {"type": "Feature", "properties": {"s": "layak", "t1": 17586, "t2": 10506}, "geometry": {"type": "Point", "coordinates": [105.222101, -5.543732]}}, {"type": "Feature", "properties": {"s": "layak", "t1": 17996, "t2": 10516}, "geometry": {"type": "Point", "coordinates": [105.22183, -5.543648]}}, {"type": "Feature", "properties": {"s": "layak", "t1": 18254, "t2": 10538}, "geometry": {"type": "Point", "coordinates": [105.221672, -5.543679]}}, {"type": "Feature", "properties": {"s": "layak", "t1": 18664, "t2": 10593}, "geometry": {"type": "Point", "coordinates": [105.22144, -5.543764]}}, {"type": "Feature", "properties": {"s": "layak", "t1": 19006, "t2": 10638}, "geometry": {"type": "Point", "coordinates": [105.22129, -5.543906]}}, {"type": "Feature", "properties": {"s": "layak", "t1": 19534, "t2": 10709}, "geometry": {"type": "Point", "coordinates": [105.221052, -5.544117]}}, {"type": "Feature", "properties": {"s": "layak", "t1": 20196, "t2": 10797}, "geometry": {"type": "Point", "coordinates": [105.220736, -5.544357]}}, {"type": "Feature", "properties": {"s": "layak", "t1": 21094, "t2": 10917}, "geometry": {"type": "Point", "coordinates": [105.22023, -5.544545]}}, {"type": "Feature", "properties": {"s": "layak", "t1": 21640, "t2": 10990}, "geometry": {"type": "Point", "coordinates": [105.219938, -5.544661]}}, {"type": "Feature", "properties": {"s": "dekat"}, "geometry": {"type": "Point", "coordinates": [105.244637, -5.548674]}}, {"type": "Feature", "properties": {"s": "dekat"}, "geometry": {"type": "Point", "coordinates": [105.245063, -5.548505]}}, {"type": "Feature", "properties": {"s": "dekat"}, "geometry": {"type": "Point", "coordinates": [105.245456, -5.548324]}}, {"type": "Feature", "properties": {"s": "dekat"}, "geometry": {"type": "Point", "coordinates": [105.245861, -5.548122]}}, {"type": "Feature", "properties": {"s": "dekat"}, "geometry": {"type": "Point", "coordinates": [105.246267, -5.547919]}}, {"type": "Feature", "properties": {"s": "tutupan"}, "geometry": {"type": "Point", "coordinates": [105.246705, -5.547702]}}, {"type": "Feature", "properties": {"s": "tutupan"}, "geometry": {"type": "Point", "coordinates": [105.247195, -5.54756]}}, {"type": "Feature", "properties": {"s": "layak", "t1": 38476, "t2": 11677}, "geometry": {"type": "Point", "coordinates": [105.247669, -5.547537]}}, {"type": "Feature", "properties": {"s": "layak", "t1": 38476, "t2": 11677}, "geometry": {"type": "Point", "coordinates": [105.248104, -5.547494]}}, {"type": "Feature", "properties": {"s": "layak", "t1": 38476, "t2": 11677}, "geometry": {"type": "Point", "coordinates": [105.248544, -5.547466]}}, {"type": "Feature", "properties": {"s": "layak", "t1": 38476, "t2": 11677}, "geometry": {"type": "Point", "coordinates": [105.248784, -5.547364]}}, {"type": "Feature", "properties": {"s": "dekat"}, "geometry": {"type": "Point", "coordinates": [105.240136, -5.554222]}}, {"type": "Feature", "properties": {"s": "dekat"}, "geometry": {"type": "Point", "coordinates": [105.240393, -5.55462]}}, {"type": "Feature", "properties": {"s": "dekat"}, "geometry": {"type": "Point", "coordinates": [105.240681, -5.555]}}, {"type": "Feature", "properties": {"s": "dekat"}, "geometry": {"type": "Point", "coordinates": [105.240957, -5.555422]}}, {"type": "Feature", "properties": {"s": "layak", "t1": 37778, "t2": 11633}, "geometry": {"type": "Point", "coordinates": [105.241196, -5.555827]}}, {"type": "Feature", "properties": {"s": "layak", "t1": 38476, "t2": 11677}, "geometry": {"type": "Point", "coordinates": [105.24149, -5.556285]}}, {"type": "Feature", "properties": {"s": "layak", "t1": 38476, "t2": 11677}, "geometry": {"type": "Point", "coordinates": [105.241728, -5.556649]}}, {"type": "Feature", "properties": {"s": "layak", "t1": 38476, "t2": 11677}, "geometry": {"type": "Point", "coordinates": [105.241994, -5.557095]}}, {"type": "Feature", "properties": {"s": "layak", "t1": 38476, "t2": 11677}, "geometry": {"type": "Point", "coordinates": [105.242154, -5.557499]}}, {"type": "Feature", "properties": {"s": "layak", "t1": 38476, "t2": 11677}, "geometry": {"type": "Point", "coordinates": [105.242202, -5.557858]}}, {"type": "Feature", "properties": {"s": "layak", "t1": 38476, "t2": 11677}, "geometry": {"type": "Point", "coordinates": [105.242239, -5.558149]}}, {"type": "Feature", "properties": {"s": "layak", "t1": 38476, "t2": 11677}, "geometry": {"type": "Point", "coordinates": [105.242229, -5.558579]}}, {"type": "Feature", "properties": {"s": "layak", "t1": 38476, "t2": 11677}, "geometry": {"type": "Point", "coordinates": [105.24222, -5.55885]}}, {"type": "Feature", "properties": {"s": "layak", "t1": 38476, "t2": 11677}, "geometry": {"type": "Point", "coordinates": [105.242194, -5.558881]}}, {"type": "Feature", "properties": {"s": "layak", "t1": 38476, "t2": 11677}, "geometry": {"type": "Point", "coordinates": [105.242056, -5.558917]}}, {"type": "Feature", "properties": {"s": "layak", "t1": 38476, "t2": 11677}, "geometry": {"type": "Point", "coordinates": [105.242022, -5.558966]}}, {"type": "Feature", "properties": {"s": "layak", "t1": 38476, "t2": 11677}, "geometry": {"type": "Point", "coordinates": [105.242058, -5.559102]}}, {"type": "Feature", "properties": {"s": "tutupan"}, "geometry": {"type": "Point", "coordinates": [105.242217, -5.559571]}}, {"type": "Feature", "properties": {"s": "tutupan"}, "geometry": {"type": "Point", "coordinates": [105.242514, -5.559936]}}, {"type": "Feature", "properties": {"s": "tutupan"}, "geometry": {"type": "Point", "coordinates": [105.24279, -5.560289]}}, {"type": "Feature", "properties": {"s": "tutupan"}, "geometry": {"type": "Point", "coordinates": [105.24308, -5.560771]}}, {"type": "Feature", "properties": {"s": "kes"}, "geometry": {"type": "Point", "coordinates": [105.243226, -5.561141]}}, {"type": "Feature", "properties": {"s": "layak", "t1": 14391, "t2": 8947}, "geometry": {"type": "Point", "coordinates": [105.230156, -5.54983]}}, {"type": "Feature", "properties": {"s": "layak", "t1": 14890, "t2": 9137}, "geometry": {"type": "Point", "coordinates": [105.230428, -5.549697]}}, {"type": "Feature", "properties": {"s": "layak", "t1": 15677, "t2": 9432}, "geometry": {"type": "Point", "coordinates": [105.230823, -5.549495]}}, {"type": "Feature", "properties": {"s": "layak", "t1": 12196, "t2": 9771}, "geometry": {"type": "Point", "coordinates": [105.229103, -5.547126]}}, {"type": "Feature", "properties": {"s": "layak", "t1": 12490, "t2": 9624}, "geometry": {"type": "Point", "coordinates": [105.229097, -5.547569]}}, {"type": "Feature", "properties": {"s": "layak", "t1": 12714, "t2": 9461}, "geometry": {"type": "Point", "coordinates": [105.229207, -5.54794]}}, {"type": "Feature", "properties": {"s": "layak", "t1": 12992, "t2": 9264}, "geometry": {"type": "Point", "coordinates": [105.229393, -5.548381]}}, {"type": "Feature", "properties": {"s": "layak", "t1": 13267, "t2": 9150}, "geometry": {"type": "Point", "coordinates": [105.229567, -5.54873]}}, {"type": "Feature", "properties": {"s": "layak", "t1": 13691, "t2": 9097}, "geometry": {"type": "Point", "coordinates": [105.229798, -5.549149]}}, {"type": "Feature", "properties": {"s": "layak", "t1": 14010, "t2": 9018}, "geometry": {"type": "Point", "coordinates": [105.229963, -5.54947]}}, {"type": "Feature", "properties": {"s": "layak", "t1": 14408, "t2": 8947}, "geometry": {"type": "Point", "coordinates": [105.230164, -5.549843]}}, {"type": "Feature", "properties": {"s": "layak", "t1": 15060, "t2": 9055}, "geometry": {"type": "Point", "coordinates": [105.230483, -5.550216]}}, {"type": "Feature", "properties": {"s": "layak", "t1": 15769, "t2": 9231}, "geometry": {"type": "Point", "coordinates": [105.230775, -5.5506]}}, {"type": "Feature", "properties": {"s": "layak", "t1": 16405, "t2": 9413}, "geometry": {"type": "Point", "coordinates": [105.230982, -5.550954]}}, {"type": "Feature", "properties": {"s": "layak", "t1": 17126, "t2": 9602}, "geometry": {"type": "Point", "coordinates": [105.231228, -5.551349]}}, {"type": "Feature", "properties": {"s": "layak", "t1": 17797, "t2": 9746}, "geometry": {"type": "Point", "coordinates": [105.231445, -5.551724]}}, {"type": "Feature", "properties": {"s": "layak", "t1": 18445, "t2": 9885}, "geometry": {"type": "Point", "coordinates": [105.231677, -5.552072]}}, {"type": "Feature", "properties": {"s": "layak", "t1": 19180, "t2": 10017}, "geometry": {"type": "Point", "coordinates": [105.231932, -5.552473]}}, {"type": "Feature", "properties": {"s": "layak", "t1": 19856, "t2": 10181}, "geometry": {"type": "Point", "coordinates": [105.232143, -5.552795]}}, {"type": "Feature", "properties": {"s": "layak", "t1": 20579, "t2": 10362}, "geometry": {"type": "Point", "coordinates": [105.232371, -5.553133]}}, {"type": "Feature", "properties": {"s": "layak", "t1": 21354, "t2": 10555}, "geometry": {"type": "Point", "coordinates": [105.232565, -5.553526]}}, {"type": "Feature", "properties": {"s": "dekat"}, "geometry": {"type": "Point", "coordinates": [105.242904, -5.552013]}}, {"type": "Feature", "properties": {"s": "dekat"}, "geometry": {"type": "Point", "coordinates": [105.243198, -5.552199]}}, {"type": "Feature", "properties": {"s": "dekat"}, "geometry": {"type": "Point", "coordinates": [105.243497, -5.552413]}}, {"type": "Feature", "properties": {"s": "dekat"}, "geometry": {"type": "Point", "coordinates": [105.243857, -5.552717]}}, {"type": "Feature", "properties": {"s": "dekat"}, "geometry": {"type": "Point", "coordinates": [105.244178, -5.553065]}}, {"type": "Feature", "properties": {"s": "dekat"}, "geometry": {"type": "Point", "coordinates": [105.244339, -5.553292]}}, {"type": "Feature", "properties": {"s": "dekat"}, "geometry": {"type": "Point", "coordinates": [105.244634, -5.553481]}}, {"type": "Feature", "properties": {"s": "dekat"}, "geometry": {"type": "Point", "coordinates": [105.244879, -5.553663]}}, {"type": "Feature", "properties": {"s": "layak", "t1": 37865, "t2": 11065}, "geometry": {"type": "Point", "coordinates": [105.245215, -5.553957]}}, {"type": "Feature", "properties": {"s": "kes"}, "geometry": {"type": "Point", "coordinates": [105.245513, -5.554198]}}, {"type": "Feature", "properties": {"s": "layak", "t1": 37865, "t2": 11065}, "geometry": {"type": "Point", "coordinates": [105.245666, -5.554396]}}, {"type": "Feature", "properties": {"s": "layak", "t1": 37822, "t2": 11022}, "geometry": {"type": "Point", "coordinates": [105.245711, -5.554783]}}, {"type": "Feature", "properties": {"s": "layak", "t1": 37769, "t2": 10970}, "geometry": {"type": "Point", "coordinates": [105.245905, -5.555213]}}, {"type": "Feature", "properties": {"s": "layak", "t1": 37740, "t2": 10941}, "geometry": {"type": "Point", "coordinates": [105.246101, -5.555386]}}, {"type": "Feature", "properties": {"s": "layak", "t1": 37709, "t2": 10910}, "geometry": {"type": "Point", "coordinates": [105.246311, -5.555572]}}, {"type": "Feature", "properties": {"s": "layak", "t1": 37684, "t2": 10884}, "geometry": {"type": "Point", "coordinates": [105.246455, -5.555748]}}, {"type": "Feature", "properties": {"s": "kes"}, "geometry": {"type": "Point", "coordinates": [105.246654, -5.556002]}}, {"type": "Feature", "properties": {"s": "kes"}, "geometry": {"type": "Point", "coordinates": [105.246805, -5.556262]}}, {"type": "Feature", "properties": {"s": "kes"}, "geometry": {"type": "Point", "coordinates": [105.246924, -5.556448]}}, {"type": "Feature", "properties": {"s": "kes"}, "geometry": {"type": "Point", "coordinates": [105.247028, -5.556576]}}, {"type": "Feature", "properties": {"s": "kes"}, "geometry": {"type": "Point", "coordinates": [105.247237, -5.556748]}}, {"type": "Feature", "properties": {"s": "kes"}, "geometry": {"type": "Point", "coordinates": [105.247612, -5.55705]}}, {"type": "Feature", "properties": {"s": "kes"}, "geometry": {"type": "Point", "coordinates": [105.248068, -5.557233]}}, {"type": "Feature", "properties": {"s": "kes"}, "geometry": {"type": "Point", "coordinates": [105.248509, -5.557311]}}, {"type": "Feature", "properties": {"s": "kes"}, "geometry": {"type": "Point", "coordinates": [105.248965, -5.557345]}}, {"type": "Feature", "properties": {"s": "kes"}, "geometry": {"type": "Point", "coordinates": [105.249222, -5.557403]}}, {"type": "Feature", "properties": {"s": "kes"}, "geometry": {"type": "Point", "coordinates": [105.249438, -5.557471]}}, {"type": "Feature", "properties": {"s": "kes"}, "geometry": {"type": "Point", "coordinates": [105.249561, -5.557569]}}, {"type": "Feature", "properties": {"s": "kes"}, "geometry": {"type": "Point", "coordinates": [105.249727, -5.557755]}}, {"type": "Feature", "properties": {"s": "kes"}, "geometry": {"type": "Point", "coordinates": [105.249784, -5.558066]}}, {"type": "Feature", "properties": {"s": "kes"}, "geometry": {"type": "Point", "coordinates": [105.249879, -5.558343]}}, {"type": "Feature", "properties": {"s": "kes"}, "geometry": {"type": "Point", "coordinates": [105.249936, -5.558527]}}, {"type": "Feature", "properties": {"s": "kes"}, "geometry": {"type": "Point", "coordinates": [105.250091, -5.558729]}}, {"type": "Feature", "properties": {"s": "kes"}, "geometry": {"type": "Point", "coordinates": [105.250416, -5.559091]}}, {"type": "Feature", "properties": {"s": "kes"}, "geometry": {"type": "Point", "coordinates": [105.250604, -5.559224]}}, {"type": "Feature", "properties": {"s": "kes"}, "geometry": {"type": "Point", "coordinates": [105.250825, -5.559167]}}, {"type": "Feature", "properties": {"s": "kes"}, "geometry": {"type": "Point", "coordinates": [105.251181, -5.559162]}}, {"type": "Feature", "properties": {"s": "kes"}, "geometry": {"type": "Point", "coordinates": [105.251485, -5.558937]}}, {"type": "Feature", "properties": {"s": "kes"}, "geometry": {"type": "Point", "coordinates": [105.251683, -5.558742]}}, {"type": "Feature", "properties": {"s": "kes"}, "geometry": {"type": "Point", "coordinates": [105.252053, -5.558869]}}, {"type": "Feature", "properties": {"s": "kes"}, "geometry": {"type": "Point", "coordinates": [105.252357, -5.559003]}}, {"type": "Feature", "properties": {"s": "kes"}, "geometry": {"type": "Point", "coordinates": [105.252594, -5.559243]}}, {"type": "Feature", "properties": {"s": "kes"}, "geometry": {"type": "Point", "coordinates": [105.252736, -5.559127]}}, {"type": "Feature", "properties": {"s": "kes"}, "geometry": {"type": "Point", "coordinates": [105.252705, -5.559026]}}, {"type": "Feature", "properties": {"s": "kes"}, "geometry": {"type": "Point", "coordinates": [105.25252, -5.558697]}}, {"type": "Feature", "properties": {"s": "layak", "t1": 38476, "t2": 11677}, "geometry": {"type": "Point", "coordinates": [105.252629, -5.558397]}}, {"type": "Feature", "properties": {"s": "layak", "t1": 38476, "t2": 11677}, "geometry": {"type": "Point", "coordinates": [105.252497, -5.558192]}}, {"type": "Feature", "properties": {"s": "layak", "t1": 38476, "t2": 11677}, "geometry": {"type": "Point", "coordinates": [105.252291, -5.557932]}}, {"type": "Feature", "properties": {"s": "layak", "t1": 38476, "t2": 11677}, "geometry": {"type": "Point", "coordinates": [105.252151, -5.557748]}}, {"type": "Feature", "properties": {"s": "layak", "t1": 38476, "t2": 11677}, "geometry": {"type": "Point", "coordinates": [105.252054, -5.557631]}}, {"type": "Feature", "properties": {"s": "layak", "t1": 38476, "t2": 11677}, "geometry": {"type": "Point", "coordinates": [105.251973, -5.557501]}}, {"type": "Feature", "properties": {"s": "layak", "t1": 38476, "t2": 11677}, "geometry": {"type": "Point", "coordinates": [105.25195, -5.557264]}}, {"type": "Feature", "properties": {"s": "layak", "t1": 38476, "t2": 11677}, "geometry": {"type": "Point", "coordinates": [105.251898, -5.557036]}}, {"type": "Feature", "properties": {"s": "layak", "t1": 38476, "t2": 11677}, "geometry": {"type": "Point", "coordinates": [105.251868, -5.55674]}}, {"type": "Feature", "properties": {"s": "layak", "t1": 38476, "t2": 11677}, "geometry": {"type": "Point", "coordinates": [105.251835, -5.556428]}}, {"type": "Feature", "properties": {"s": "layak", "t1": 38476, "t2": 11677}, "geometry": {"type": "Point", "coordinates": [105.251823, -5.556036]}}, {"type": "Feature", "properties": {"s": "layak", "t1": 38476, "t2": 11677}, "geometry": {"type": "Point", "coordinates": [105.251896, -5.555701]}}, {"type": "Feature", "properties": {"s": "layak", "t1": 38476, "t2": 11677}, "geometry": {"type": "Point", "coordinates": [105.252006, -5.555403]}}, {"type": "Feature", "properties": {"s": "tutupan"}, "geometry": {"type": "Point", "coordinates": [105.252112, -5.555175]}}, {"type": "Feature", "properties": {"s": "kes"}, "geometry": {"type": "Point", "coordinates": [105.252266, -5.554923]}}, {"type": "Feature", "properties": {"s": "tutupan"}, "geometry": {"type": "Point", "coordinates": [105.252509, -5.554519]}}, {"type": "Feature", "properties": {"s": "kes"}, "geometry": {"type": "Point", "coordinates": [105.252686, -5.554286]}}, {"type": "Feature", "properties": {"s": "kes"}, "geometry": {"type": "Point", "coordinates": [105.252845, -5.554084]}}, {"type": "Feature", "properties": {"s": "kes"}, "geometry": {"type": "Point", "coordinates": [105.252963, -5.553874]}}, {"type": "Feature", "properties": {"s": "kes"}, "geometry": {"type": "Point", "coordinates": [105.253117, -5.553574]}}, {"type": "Feature", "properties": {"s": "kes"}, "geometry": {"type": "Point", "coordinates": [105.253141, -5.553257]}}, {"type": "Feature", "properties": {"s": "kes"}, "geometry": {"type": "Point", "coordinates": [105.253078, -5.552814]}}, {"type": "Feature", "properties": {"s": "tutupan"}, "geometry": {"type": "Point", "coordinates": [105.253341, -5.552609]}}, {"type": "Feature", "properties": {"s": "tutupan"}, "geometry": {"type": "Point", "coordinates": [105.253184, -5.552563]}}, {"type": "Feature", "properties": {"s": "kes"}, "geometry": {"type": "Point", "coordinates": [105.253042, -5.552355]}}, {"type": "Feature", "properties": {"s": "tutupan"}, "geometry": {"type": "Point", "coordinates": [105.252802, -5.552188]}}, {"type": "Feature", "properties": {"s": "tutupan"}, "geometry": {"type": "Point", "coordinates": [105.252726, -5.552064]}}, {"type": "Feature", "properties": {"s": "layak", "t1": 38476, "t2": 11677}, "geometry": {"type": "Point", "coordinates": [105.253654, -5.552672]}}, {"type": "Feature", "properties": {"s": "layak", "t1": 38476, "t2": 11677}, "geometry": {"type": "Point", "coordinates": [105.253532, -5.553016]}}, {"type": "Feature", "properties": {"s": "layak", "t1": 38476, "t2": 11677}, "geometry": {"type": "Point", "coordinates": [105.253218, -5.553403]}}, {"type": "Feature", "properties": {"s": "layak", "t1": 14241, "t2": 10726}, "geometry": {"type": "Point", "coordinates": [105.224742, -5.543988]}}, {"type": "Feature", "properties": {"s": "layak", "t1": 14694, "t2": 10781}, "geometry": {"type": "Point", "coordinates": [105.224645, -5.543727]}}, {"type": "Feature", "properties": {"s": "layak", "t1": 15102, "t2": 10863}, "geometry": {"type": "Point", "coordinates": [105.224412, -5.543664]}}, {"type": "Feature", "properties": {"s": "layak", "t1": 15510, "t2": 10944}, "geometry": {"type": "Point", "coordinates": [105.224196, -5.543771]}}, {"type": "Feature", "properties": {"s": "layak", "t1": 15680, "t2": 10979}, "geometry": {"type": "Point", "coordinates": [105.224096, -5.543794]}}, {"type": "Feature", "properties": {"s": "layak", "t1": 16074, "t2": 11057}, "geometry": {"type": "Point", "coordinates": [105.223893, -5.543672]}}, {"type": "Feature", "properties": {"s": "layak", "t1": 14641, "t2": 10661}, "geometry": {"type": "Point", "coordinates": [105.224318, -5.544095]}}, {"type": "Feature", "properties": {"s": "layak", "t1": 14946, "t2": 10633}, "geometry": {"type": "Point", "coordinates": [105.22408, -5.544028]}}, {"type": "Feature", "properties": {"s": "layak", "t1": 15176, "t2": 10613}, "geometry": {"type": "Point", "coordinates": [105.223906, -5.544098]}}, {"type": "Feature", "properties": {"s": "layak", "t1": 15407, "t2": 10591}, "geometry": {"type": "Point", "coordinates": [105.223723, -5.544041]}}, {"type": "Feature", "properties": {"s": "layak", "t1": 15731, "t2": 10562}, "geometry": {"type": "Point", "coordinates": [105.223507, -5.543889]}}, {"type": "Feature", "properties": {"s": "layak", "t1": 16017, "t2": 10536}, "geometry": {"type": "Point", "coordinates": [105.223285, -5.543814]}}, {"type": "Feature", "properties": {"s": "layak", "t1": 16311, "t2": 10509}, "geometry": {"type": "Point", "coordinates": [105.223049, -5.54384]}}, {"type": "Feature", "properties": {"s": "layak", "t1": 16502, "t2": 10492}, "geometry": {"type": "Point", "coordinates": [105.222892, -5.543837]}}, {"type": "Feature", "properties": {"s": "layak", "t1": 16618, "t2": 10481}, "geometry": {"type": "Point", "coordinates": [105.222797, -5.543849]}}, {"type": "Feature", "properties": {"s": "layak", "t1": 16839, "t2": 10461}, "geometry": {"type": "Point", "coordinates": [105.222616, -5.543832]}}, {"type": "Feature", "properties": {"s": "layak", "t1": 17350, "t2": 10487}, "geometry": {"type": "Point", "coordinates": [105.222256, -5.543779]}}, {"type": "Feature", "properties": {"s": "layak", "t1": 17694, "t2": 10514}, "geometry": {"type": "Point", "coordinates": [105.222033, -5.543701]}}, {"type": "Feature", "properties": {"s": "layak", "t1": 18058, "t2": 10517}, "geometry": {"type": "Point", "coordinates": [105.221788, -5.543638]}}, {"type": "Feature", "properties": {"s": "layak", "t1": 18334, "t2": 10549}, "geometry": {"type": "Point", "coordinates": [105.221627, -5.543696]}}, {"type": "Feature", "properties": {"s": "layak", "t1": 18708, "t2": 10599}, "geometry": {"type": "Point", "coordinates": [105.22142, -5.543782]}}, {"type": "Feature", "properties": {"s": "layak", "t1": 19068, "t2": 10647}, "geometry": {"type": "Point", "coordinates": [105.22126, -5.543928]}}, {"type": "Feature", "properties": {"s": "layak", "t1": 19674, "t2": 10727}, "geometry": {"type": "Point", "coordinates": [105.220991, -5.544175]}}, {"type": "Feature", "properties": {"s": "layak", "t1": 20385, "t2": 10822}, "geometry": {"type": "Point", "coordinates": [105.220633, -5.544406]}}, {"type": "Feature", "properties": {"s": "layak", "t1": 21259, "t2": 10939}, "geometry": {"type": "Point", "coordinates": [105.220133, -5.544567]}}, {"type": "Feature", "properties": {"s": "layak", "t1": 21718, "t2": 11000}, "geometry": {"type": "Point", "coordinates": [105.219906, -5.544696]}}, {"type": "Feature", "properties": {"s": "kes"}, "geometry": {"type": "Point", "coordinates": [105.247284, -5.563333]}}, {"type": "Feature", "properties": {"s": "kes"}, "geometry": {"type": "Point", "coordinates": [105.247217, -5.563191]}}, {"type": "Feature", "properties": {"s": "kes"}, "geometry": {"type": "Point", "coordinates": [105.247177, -5.563101]}}, {"type": "Feature", "properties": {"s": "tutupan"}, "geometry": {"type": "Point", "coordinates": [105.247085, -5.562984]}}, {"type": "Feature", "properties": {"s": "kes"}, "geometry": {"type": "Point", "coordinates": [105.246959, -5.562814]}}, {"type": "Feature", "properties": {"s": "kes"}, "geometry": {"type": "Point", "coordinates": [105.246942, -5.562727]}}, {"type": "Feature", "properties": {"s": "kes"}, "geometry": {"type": "Point", "coordinates": [105.247147, -5.562529]}}, {"type": "Feature", "properties": {"s": "kes"}, "geometry": {"type": "Point", "coordinates": [105.247246, -5.562414]}}, {"type": "Feature", "properties": {"s": "kes"}, "geometry": {"type": "Point", "coordinates": [105.247242, -5.56238]}}, {"type": "Feature", "properties": {"s": "kes"}, "geometry": {"type": "Point", "coordinates": [105.247077, -5.562144]}}, {"type": "Feature", "properties": {"s": "kes"}, "geometry": {"type": "Point", "coordinates": [105.247085, -5.562124]}}, {"type": "Feature", "properties": {"s": "kes"}, "geometry": {"type": "Point", "coordinates": [105.24716, -5.56207]}}, {"type": "Feature", "properties": {"s": "kes"}, "geometry": {"type": "Point", "coordinates": [105.247218, -5.561979]}}, {"type": "Feature", "properties": {"s": "kes"}, "geometry": {"type": "Point", "coordinates": [105.247227, -5.561892]}}, {"type": "Feature", "properties": {"s": "dekat"}, "geometry": {"type": "Point", "coordinates": [105.241959, -5.55294]}}, {"type": "Feature", "properties": {"s": "dekat"}, "geometry": {"type": "Point", "coordinates": [105.242064, -5.553142]}}, {"type": "Feature", "properties": {"s": "dekat"}, "geometry": {"type": "Point", "coordinates": [105.242122, -5.553305]}}, {"type": "Feature", "properties": {"s": "dekat"}, "geometry": {"type": "Point", "coordinates": [105.242377, -5.553575]}}, {"type": "Feature", "properties": {"s": "dekat"}, "geometry": {"type": "Point", "coordinates": [105.242663, -5.553933]}}, {"type": "Feature", "properties": {"s": "tutupan"}, "geometry": {"type": "Point", "coordinates": [105.242916, -5.554312]}}, {"type": "Feature", "properties": {"s": "tutupan"}, "geometry": {"type": "Point", "coordinates": [105.243032, -5.554433]}}, {"type": "Feature", "properties": {"s": "tutupan"}, "geometry": {"type": "Point", "coordinates": [105.243093, -5.554415]}}, {"type": "Feature", "properties": {"s": "tutupan"}, "geometry": {"type": "Point", "coordinates": [105.243275, -5.554243]}}, {"type": "Feature", "properties": {"s": "dekat"}, "geometry": {"type": "Point", "coordinates": [105.243462, -5.554222]}}, {"type": "Feature", "properties": {"s": "tutupan"}, "geometry": {"type": "Point", "coordinates": [105.243541, -5.554264]}}, {"type": "Feature", "properties": {"s": "tutupan"}, "geometry": {"type": "Point", "coordinates": [105.243775, -5.554567]}}, {"type": "Feature", "properties": {"s": "dekat"}, "geometry": {"type": "Point", "coordinates": [105.244077, -5.554921]}}, {"type": "Feature", "properties": {"s": "dekat"}, "geometry": {"type": "Point", "coordinates": [105.244359, -5.555218]}}, {"type": "Feature", "properties": {"s": "dekat"}, "geometry": {"type": "Point", "coordinates": [105.244488, -5.555589]}}, {"type": "Feature", "properties": {"s": "dekat"}, "geometry": {"type": "Point", "coordinates": [105.244557, -5.555966]}}, {"type": "Feature", "properties": {"s": "layak", "t1": 38476, "t2": 11677}, "geometry": {"type": "Point", "coordinates": [105.244525, -5.556327]}}, {"type": "Feature", "properties": {"s": "layak", "t1": 38476, "t2": 11677}, "geometry": {"type": "Point", "coordinates": [105.244536, -5.556674]}}, {"type": "Feature", "properties": {"s": "layak", "t1": 38476, "t2": 11677}, "geometry": {"type": "Point", "coordinates": [105.244605, -5.556995]}}, {"type": "Feature", "properties": {"s": "tutupan"}, "geometry": {"type": "Point", "coordinates": [105.2448, -5.557452]}}, {"type": "Feature", "properties": {"s": "layak", "t1": 38476, "t2": 11677}, "geometry": {"type": "Point", "coordinates": [105.244967, -5.557804]}}, {"type": "Feature", "properties": {"s": "layak", "t1": 38476, "t2": 11677}, "geometry": {"type": "Point", "coordinates": [105.245166, -5.55802]}}, {"type": "Feature", "properties": {"s": "layak", "t1": 38476, "t2": 11677}, "geometry": {"type": "Point", "coordinates": [105.245216, -5.558253]}}, {"type": "Feature", "properties": {"s": "layak", "t1": 38476, "t2": 11677}, "geometry": {"type": "Point", "coordinates": [105.245306, -5.558503]}}, {"type": "Feature", "properties": {"s": "layak", "t1": 38476, "t2": 11677}, "geometry": {"type": "Point", "coordinates": [105.245515, -5.55884]}}, {"type": "Feature", "properties": {"s": "layak", "t1": 38476, "t2": 11677}, "geometry": {"type": "Point", "coordinates": [105.245752, -5.559126]}}, {"type": "Feature", "properties": {"s": "layak", "t1": 38476, "t2": 11677}, "geometry": {"type": "Point", "coordinates": [105.245994, -5.559506]}}, {"type": "Feature", "properties": {"s": "layak", "t1": 38476, "t2": 11677}, "geometry": {"type": "Point", "coordinates": [105.246202, -5.559979]}}, {"type": "Feature", "properties": {"s": "kes"}, "geometry": {"type": "Point", "coordinates": [105.246402, -5.56029]}}, {"type": "Feature", "properties": {"s": "kes"}, "geometry": {"type": "Point", "coordinates": [105.24653, -5.560525]}}, {"type": "Feature", "properties": {"s": "kes"}, "geometry": {"type": "Point", "coordinates": [105.246638, -5.560704]}}, {"type": "Feature", "properties": {"s": "kes"}, "geometry": {"type": "Point", "coordinates": [105.246862, -5.560987]}}, {"type": "Feature", "properties": {"s": "kes"}, "geometry": {"type": "Point", "coordinates": [105.246921, -5.561327]}}, {"type": "Feature", "properties": {"s": "kes"}, "geometry": {"type": "Point", "coordinates": [105.247028, -5.561602]}}, {"type": "Feature", "properties": {"s": "kes"}, "geometry": {"type": "Point", "coordinates": [105.247151, -5.561838]}}, {"type": "Feature", "properties": {"s": "kes"}, "geometry": {"type": "Point", "coordinates": [105.247323, -5.561943]}}, {"type": "Feature", "properties": {"s": "kes"}, "geometry": {"type": "Point", "coordinates": [105.247616, -5.561992]}}, {"type": "Feature", "properties": {"s": "kes"}, "geometry": {"type": "Point", "coordinates": [105.247736, -5.562171]}}, {"type": "Feature", "properties": {"s": "kes"}, "geometry": {"type": "Point", "coordinates": [105.247814, -5.562586]}}, {"type": "Feature", "properties": {"s": "kes"}, "geometry": {"type": "Point", "coordinates": [105.247898, -5.562974]}}, {"type": "Feature", "properties": {"s": "kes"}, "geometry": {"type": "Point", "coordinates": [105.247953, -5.563148]}}, {"type": "Feature", "properties": {"s": "kes"}, "geometry": {"type": "Point", "coordinates": [105.247924, -5.563195]}}, {"type": "Feature", "properties": {"s": "kes"}, "geometry": {"type": "Point", "coordinates": [105.247597, -5.563385]}}, {"type": "Feature", "properties": {"s": "kes"}, "geometry": {"type": "Point", "coordinates": [105.247395, -5.563446]}}, {"type": "Feature", "properties": {"s": "layak", "t1": 11731, "t2": 11298}, "geometry": {"type": "Point", "coordinates": [105.227001, -5.544997]}}, {"type": "Feature", "properties": {"s": "layak", "t1": 12062, "t2": 11374}, "geometry": {"type": "Point", "coordinates": [105.226946, -5.545279]}}, {"type": "Feature", "properties": {"s": "layak", "t1": 12486, "t2": 11428}, "geometry": {"type": "Point", "coordinates": [105.227058, -5.54561]}}, {"type": "Feature", "properties": {"s": "layak", "t1": 12814, "t2": 11368}, "geometry": {"type": "Point", "coordinates": [105.227102, -5.54587]}}, {"type": "Feature", "properties": {"s": "layak", "t1": 13363, "t2": 11307}, "geometry": {"type": "Point", "coordinates": [105.226986, -5.546278]}}, {"type": "Feature", "properties": {"s": "layak", "t1": 13911, "t2": 11307}, "geometry": {"type": "Point", "coordinates": [105.226847, -5.546633]}}, {"type": "Feature", "properties": {"s": "dekat"}, "geometry": {"type": "Point", "coordinates": [105.240136, -5.554222]}}, {"type": "Feature", "properties": {"s": "dekat"}, "geometry": {"type": "Point", "coordinates": [105.240393, -5.55462]}}, {"type": "Feature", "properties": {"s": "dekat"}, "geometry": {"type": "Point", "coordinates": [105.240681, -5.555]}}, {"type": "Feature", "properties": {"s": "dekat"}, "geometry": {"type": "Point", "coordinates": [105.240957, -5.555422]}}, {"type": "Feature", "properties": {"s": "layak", "t1": 37778, "t2": 11633}, "geometry": {"type": "Point", "coordinates": [105.241196, -5.555827]}}, {"type": "Feature", "properties": {"s": "layak", "t1": 38476, "t2": 11677}, "geometry": {"type": "Point", "coordinates": [105.24149, -5.556285]}}, {"type": "Feature", "properties": {"s": "layak", "t1": 38476, "t2": 11677}, "geometry": {"type": "Point", "coordinates": [105.241728, -5.556649]}}, {"type": "Feature", "properties": {"s": "layak", "t1": 38476, "t2": 11677}, "geometry": {"type": "Point", "coordinates": [105.241994, -5.557095]}}, {"type": "Feature", "properties": {"s": "layak", "t1": 38476, "t2": 11677}, "geometry": {"type": "Point", "coordinates": [105.242154, -5.557499]}}, {"type": "Feature", "properties": {"s": "layak", "t1": 38476, "t2": 11677}, "geometry": {"type": "Point", "coordinates": [105.242202, -5.557858]}}, {"type": "Feature", "properties": {"s": "layak", "t1": 38476, "t2": 11677}, "geometry": {"type": "Point", "coordinates": [105.242239, -5.558149]}}, {"type": "Feature", "properties": {"s": "layak", "t1": 38476, "t2": 11677}, "geometry": {"type": "Point", "coordinates": [105.242229, -5.558579]}}, {"type": "Feature", "properties": {"s": "layak", "t1": 38476, "t2": 11677}, "geometry": {"type": "Point", "coordinates": [105.24222, -5.55885]}}, {"type": "Feature", "properties": {"s": "layak", "t1": 38476, "t2": 11677}, "geometry": {"type": "Point", "coordinates": [105.242194, -5.558881]}}, {"type": "Feature", "properties": {"s": "layak", "t1": 38476, "t2": 11677}, "geometry": {"type": "Point", "coordinates": [105.242056, -5.558917]}}, {"type": "Feature", "properties": {"s": "layak", "t1": 38476, "t2": 11677}, "geometry": {"type": "Point", "coordinates": [105.242022, -5.558966]}}, {"type": "Feature", "properties": {"s": "layak", "t1": 38476, "t2": 11677}, "geometry": {"type": "Point", "coordinates": [105.242058, -5.559102]}}, {"type": "Feature", "properties": {"s": "tutupan"}, "geometry": {"type": "Point", "coordinates": [105.242217, -5.559571]}}, {"type": "Feature", "properties": {"s": "tutupan"}, "geometry": {"type": "Point", "coordinates": [105.242514, -5.559936]}}, {"type": "Feature", "properties": {"s": "tutupan"}, "geometry": {"type": "Point", "coordinates": [105.24279, -5.560289]}}, {"type": "Feature", "properties": {"s": "tutupan"}, "geometry": {"type": "Point", "coordinates": [105.24308, -5.560771]}}, {"type": "Feature", "properties": {"s": "kes"}, "geometry": {"type": "Point", "coordinates": [105.243226, -5.561141]}}, {"type": "Feature", "properties": {"s": "dekat"}, "geometry": {"type": "Point", "coordinates": [105.244709, -5.548648]}}, {"type": "Feature", "properties": {"s": "dekat"}, "geometry": {"type": "Point", "coordinates": [105.24514, -5.548469]}}, {"type": "Feature", "properties": {"s": "dekat"}, "geometry": {"type": "Point", "coordinates": [105.245537, -5.548284]}}, {"type": "Feature", "properties": {"s": "dekat"}, "geometry": {"type": "Point", "coordinates": [105.245943, -5.548081]}}, {"type": "Feature", "properties": {"s": "dekat"}, "geometry": {"type": "Point", "coordinates": [105.246348, -5.547879]}}, {"type": "Feature", "properties": {"s": "tutupan"}, "geometry": {"type": "Point", "coordinates": [105.246793, -5.547663]}}, {"type": "Feature", "properties": {"s": "tutupan"}, "geometry": {"type": "Point", "coordinates": [105.247299, -5.547549]}}, {"type": "Feature", "properties": {"s": "layak", "t1": 38476, "t2": 11677}, "geometry": {"type": "Point", "coordinates": [105.24775, -5.547535]}}, {"type": "Feature", "properties": {"s": "layak", "t1": 38476, "t2": 11677}, "geometry": {"type": "Point", "coordinates": [105.248212, -5.547486]}}, {"type": "Feature", "properties": {"s": "layak", "t1": 38476, "t2": 11677}, "geometry": {"type": "Point", "coordinates": [105.248596, -5.547457]}}, {"type": "Feature", "properties": {"s": "layak", "t1": 38476, "t2": 11677}, "geometry": {"type": "Point", "coordinates": [105.248823, -5.547329]}}, {"type": "Feature", "properties": {"s": "layak", "t1": 38476, "t2": 11677}, "geometry": {"type": "Point", "coordinates": [105.25367, -5.552599]}}, {"type": "Feature", "properties": {"s": "layak", "t1": 38476, "t2": 11677}, "geometry": {"type": "Point", "coordinates": [105.253561, -5.552936]}}, {"type": "Feature", "properties": {"s": "layak", "t1": 38476, "t2": 11677}, "geometry": {"type": "Point", "coordinates": [105.253284, -5.55336]}}, {"type": "Feature", "properties": {"s": "layak", "t1": 14528, "t2": 10671}, "geometry": {"type": "Point", "coordinates": [105.224399, -5.54414]}}, {"type": "Feature", "properties": {"s": "layak", "t1": 14828, "t2": 10644}, "geometry": {"type": "Point", "coordinates": [105.224177, -5.544035]}}, {"type": "Feature", "properties": {"s": "layak", "t1": 15100, "t2": 10619}, "geometry": {"type": "Point", "coordinates": [105.223969, -5.544088]}}, {"type": "Feature", "properties": {"s": "layak", "t1": 15308, "t2": 10600}, "geometry": {"type": "Point", "coordinates": [105.223801, -5.544065]}}, {"type": "Feature", "properties": {"s": "layak", "t1": 15616, "t2": 10572}, "geometry": {"type": "Point", "coordinates": [105.223588, -5.543939]}}, {"type": "Feature", "properties": {"s": "layak", "t1": 15931, "t2": 10544}, "geometry": {"type": "Point", "coordinates": [105.223354, -5.54383]}}, {"type": "Feature", "properties": {"s": "layak", "t1": 16174, "t2": 10522}, "geometry": {"type": "Point", "coordinates": [105.223156, -5.543806]}}, {"type": "Feature", "properties": {"s": "layak", "t1": 16489, "t2": 10493}, "geometry": {"type": "Point", "coordinates": [105.222903, -5.543849]}}, {"type": "Feature", "properties": {"s": "layak", "t1": 16591, "t2": 10484}, "geometry": {"type": "Point", "coordinates": [105.222819, -5.543845]}}, {"type": "Feature", "properties": {"s": "layak", "t1": 16719, "t2": 10472}, "geometry": {"type": "Point", "coordinates": [105.222714, -5.543842]}}, {"type": "Feature", "properties": {"s": "layak", "t1": 17111, "t2": 10469}, "geometry": {"type": "Point", "coordinates": [105.22242, -5.543799]}}, {"type": "Feature", "properties": {"s": "layak", "t1": 17538, "t2": 10502}, "geometry": {"type": "Point", "coordinates": [105.22213, -5.543749]}}, {"type": "Feature", "properties": {"s": "layak", "t1": 17949, "t2": 10516}, "geometry": {"type": "Point", "coordinates": [105.221862, -5.543654]}}, {"type": "Feature", "properties": {"s": "layak", "t1": 18195, "t2": 10530}, "geometry": {"type": "Point", "coordinates": [105.221705, -5.543666]}}, {"type": "Feature", "properties": {"s": "layak", "t1": 18576, "t2": 10581}, "geometry": {"type": "Point", "coordinates": [105.221488, -5.543741]}}, {"type": "Feature", "properties": {"s": "layak", "t1": 18910, "t2": 10625}, "geometry": {"type": "Point", "coordinates": [105.221331, -5.543865]}}, {"type": "Feature", "properties": {"s": "layak", "t1": 19395, "t2": 10690}, "geometry": {"type": "Point", "coordinates": [105.221114, -5.54406]}}, {"type": "Feature", "properties": {"s": "layak", "t1": 20068, "t2": 10780}, "geometry": {"type": "Point", "coordinates": [105.220801, -5.544316]}}, {"type": "Feature", "properties": {"s": "layak", "t1": 20915, "t2": 10893}, "geometry": {"type": "Point", "coordinates": [105.220333, -5.544513]}}, {"type": "Feature", "properties": {"s": "layak", "t1": 21567, "t2": 10980}, "geometry": {"type": "Point", "coordinates": [105.219962, -5.544624]}}]}